Lote_Piloto;Tamanho_MB;Nome_Original;Novo_Nome_Padronizado;Pasta_Pai;Caminho_Completo_Original
SIM;14206,09;Sound.Of.Freedom.2023.1080p.Multi.Sub.DDP5.1.MKV-BEN.THE.MEN.mkv;Sound.Of.Freedom.2023.1080p.H265.mkv;Sound.Of.Freedom.2023.1080p.Multi.Sub.DDP5.1.MKV-BEN.THE.MEN;/mnt/Media/filmes/2023/Sound.Of.Freedom.2023.1080p.Multi.Sub.DDP5.1.MKV-BEN.THE.MEN/Sound.Of.Freedom.2023.1080p.Multi.Sub.DDP5.1.MKV-BEN.THE.MEN.mkv
SIM;12035,29;Rain.Fall.2009.JAPANESE.1080p.BluRay.x264.DD5.1-VHD (1).mkv;Rain.Fall.2009.1080p.H265.mkv;Rain.Fall.2009.JAPANESE.1080p.BluRay.x264.DD5.1-VHD;/mnt/Media/filmes/OLD/Rain.Fall.2009.JAPANESE.1080p.BluRay.x264.DD5.1-VHD/Rain.Fall.2009.JAPANESE.1080p.BluRay.x264.DD5.1-VHD (1).mkv
SIM;10637,20;Kiki's.Delivery.Service.2014.1080p.BluRay.x264-WiKi.mkv;Kiki_s.Delivery.Service.2014.1080p.H265.mkv;Kiki's.Delivery.Service.2014.1080p.BluRay.x264-WiKi;/mnt/Media/filmes/Asian/Kiki's.Delivery.Service.2014.1080p.BluRay.x264-WiKi/Kiki's.Delivery.Service.2014.1080p.BluRay.x264-WiKi.mkv
SIM;8956,03;Sympathy.For.Mr.Vengeance.2002.1080p.BluRay.x264-CiNEFiLE (1).mkv;Sympathy.For.Mr.Vengeance.2002.1080p.H265.mkv;Sympathy.For.Mr.Vengeance.2002.1080p.BluRay.x264-CiNEFiLE;/mnt/Media/filmes/Asian/Sympathy.For.Mr.Vengeance.2002.1080p.BluRay.x264-CiNEFiLE/Sympathy.For.Mr.Vengeance.2002.1080p.BluRay.x264-CiNEFiLE (1).mkv
SIM;8953,04;oblivion.2013.1080p.bluray.x264-sparks.mkv;oblivion.2013.1080p.H265.mkv;Oblivion.2013.1080p.BluRay.x264-SPARKS;/mnt/Media/filmes/OLD/Oblivion.2013.1080p.BluRay.x264-SPARKS/oblivion.2013.1080p.bluray.x264-sparks.mkv
SIM;7079,73;Damsel.2024.1080p.WEB-DL.DDP.5.1.H264-REVILS.mkv;Damsel.2024.1080p.H265.mkv;Damsel 2024 1080p MULTI WEB-DL H264-REVILS;/mnt/Media/filmes/Damsel 2024 1080p MULTI WEB-DL H264-REVILS/Damsel.2024.1080p.WEB-DL.DDP.5.1.H264-REVILS.mkv
SIM;5926,29;Encanto.2021.1080p.DSNP.WEB-DL.DDPA5.1.H.264-MZABI.mkv;Encanto.2021.1080p.H265.mkv;Encanto.2021.1080p.DSNP.WEBRip.DDP5.1.Atmos.x264-MZABI;/mnt/Media/filmes/2021/Encanto.2021.1080p.DSNP.WEBRip.DDP5.1.Atmos.x264-MZABI/Encanto.2021.1080p.DSNP.WEB-DL.DDPA5.1.H.264-MZABI.mkv
SIM;5784,76;Blade.Runner.2049.2017.1080p.WEB-DL.DD5.1.H264-FGT.mkv;Blade.Runner.2049.2017.1080p.H265.mkv;Blade.Runner.2049.2017.1080p.WEB-DL.DD5.1.H264-FGT;/mnt/Media/filmes/2017/Blade.Runner.2049.2017.1080p.WEB-DL.DD5.1.H264-FGT/Blade.Runner.2049.2017.1080p.WEB-DL.DD5.1.H264-FGT.mkv
SIM;5390,32;The.Ritual.Killer.2023.1080p.AMZN.WEB-DL.DDP5.1.H.264-CMRG.mkv;The.Ritual.Killer.2023.1080p.H265.mkv;The.Ritual.Killer.2023.1080p.AMZN.WEBRip.DDP5.1.x264-CM;/mnt/Media/filmes/2023/The.Ritual.Killer.2023.1080p.AMZN.WEBRip.DDP5.1.x264-CM/The.Ritual.Killer.2023.1080p.AMZN.WEB-DL.DDP5.1.H.264-CMRG.mkv
SIM;5280,08;Thor.Ragnarok.2017.1080p.WEB-DL.DD5.1.H264-FGT.mkv;Thor.Ragnarok.2017.1080p.H265.mkv;Thor.Ragnarok.2017.1080p.WEB-DL.DD5.1.H264-FGT;/mnt/Media/filmes/Franquias/Marvel-DC/Thor.Ragnarok.2017.1080p.WEB-DL.DD5.1.H264-FGT/Thor.Ragnarok.2017.1080p.WEB-DL.DD5.1.H264-FGT.mkv
SIM;5251,28;Avengers.Infinity.War.2018.1080p.WEB-DL.DD5.1.H264-FGT.mkv;Avengers.Infinity.War.2018.1080p.H265.mkv;Avengers.Infinity.War.2018.1080p.WEB-DL.DD5.1.H264-FGT;/mnt/Media/filmes/Franquias/Marvel-DC/Avengers.Infinity.War.2018.1080p.WEB-DL.DD5.1.H264-FGT/Avengers.Infinity.War.2018.1080p.WEB-DL.DD5.1.H264-FGT.mkv
SIM;5133,91;The.Lord.of.the.Rings.The.Return.of.the.King.2003.EXTENDED.1080p.BluRay.H264.AAC-RARBG.mkv;The.Lord.of.the.Rings.The.Return.of.the.King.2003.1080p.H265.mkv;The.Lord.of.the.Rings.The.Return.of.the.King.2003.EXTENDED.1080p.BluRay.H264.AAC-RARBG;/mnt/Media/filmes/Franquias/Lord of the Rings/The.Lord.of.the.Rings.The.Return.of.the.King.2003.EXTENDED.1080p.BluRay.H264.AAC-RARBG/The.Lord.of.the.Rings.The.Return.of.the.King.2003.EXTENDED.1080p.BluRay.H264.AAC-RARBG.mkv
SIM;4873,93;Sicario.Day.of.the.Soldado.2018.1080p.AMZN.WEB-DL.DDP5.1.H.264-NTG.mkv;Sicario.Day.of.the.Soldado.2018.1080p.H265.mkv;Sicario.Day.of.the.Soldado.2018.1080p.AMZN.WEBRip.DDP5.1.x264-NTG;/mnt/Media/filmes/2018/Sicario.Day.of.the.Soldado.2018.1080p.AMZN.WEBRip.DDP5.1.x264-NTG/Sicario.Day.of.the.Soldado.2018.1080p.AMZN.WEB-DL.DDP5.1.H.264-NTG.mkv
SIM;4765,90;Bohemian.Rhapsody.2018.1080p.WEB-DL.DD5.1.H264-FGT.mkv;Bohemian.Rhapsody.2018.1080p.H265.mkv;Bohemian.Rhapsody.2018.1080p.WEB-DL.DD5.1.H264-FGT;/mnt/Media/filmes/2018/Bohemian.Rhapsody.2018.1080p.WEB-DL.DD5.1.H264-FGT/Bohemian.Rhapsody.2018.1080p.WEB-DL.DD5.1.H264-FGT.mkv
SIM;4763,78;Guardians.of.the.Galaxy.Vol.2.2017.1080p.WEB-DL.DD5.1.H264-FGT.mkv;Guardians.of.the.Galaxy.2017.1080p.H265.mkv;Guardians.of.the.Galaxy.Vol.2.2017.1080p.WEB-DL.DD5.1.H264-FGT;/mnt/Media/filmes/Franquias/Marvel-DC/Guardians.of.the.Galaxy.Vol.2.2017.1080p.WEB-DL.DD5.1.H264-FGT/Guardians.of.the.Galaxy.Vol.2.2017.1080p.WEB-DL.DD5.1.H264-FGT.mkv
SIM;4723,97;Vice.2018.1080p.WEB-DL.DD5.1.H264-FGT.mkv;Vice.2018.1080p.H265.mkv;Vice.2018.1080p.WEB-DL.DD5.1.H264-FGT;/mnt/Media/filmes/2018/Vice.2018.1080p.WEB-DL.DD5.1.H264-FGT/Vice.2018.1080p.WEB-DL.DD5.1.H264-FGT.mkv
SIM;4691,92;T2.Trainspotting.2017.1080p.WEB-DL.DD5.1.H264-FGT.mkv;T2.Trainspotting.2017.1080p.H265.mkv;T2.Trainspotting.2017.1080p.WEB-DL.DD5.1.H264-FGT;/mnt/Media/filmes/2017/T2.Trainspotting.2017.1080p.WEB-DL.DD5.1.H264-FGT/T2.Trainspotting.2017.1080p.WEB-DL.DD5.1.H264-FGT.mkv
SIM;4672,87;The.Shack.2017.1080p.WEB-DL.DD5.1.H264-FGT.mkv;The.Shack.2017.1080p.H265.mkv;The.Shack.2017.1080p.WEB-DL.DD5.1.H264-FGT;/mnt/Media/filmes/2017/The.Shack.2017.1080p.WEB-DL.DD5.1.H264-FGT/The.Shack.2017.1080p.WEB-DL.DD5.1.H264-FGT.mkv
SIM;4591,12;The.Lord.of.the.Rings.The.Two.Towers.2002.EXTENDED.1080p.BluRay.H264.AAC-RARBG.mkv;The.Lord.of.the.Rings.The.Two.Towers.2002.1080p.H265.mkv;The.Lord.of.the.Rings.The.Two.Towers.2002.EXTENDED.1080p.BluRay.H264.AAC-RARBG;/mnt/Media/filmes/Franquias/Lord of the Rings/The.Lord.of.the.Rings.The.Two.Towers.2002.EXTENDED.1080p.BluRay.H264.AAC-RARBG/The.Lord.of.the.Rings.The.Two.Towers.2002.EXTENDED.1080p.BluRay.H264.AAC-RARBG.mkv
SIM;4450,77;The.Lord.of.the.Rings.The.Fellowship.of.the.Ring.2001.EXTENDED.1080p.BluRay.H264.AAC-RARBG.mkv;The.Lord.of.the.Rings.The.Fellowship.of.the.Ring.2001.1080p.H265.mkv;The.Lord.of.the.Rings.The.Fellowship.of.the.Ring.2001.EXTENDED.1080p.BluRay.H264.AAC-RARBG;/mnt/Media/filmes/Franquias/Lord of the Rings/The.Lord.of.the.Rings.The.Fellowship.of.the.Ring.2001.EXTENDED.1080p.BluRay.H264.AAC-RARBG/The.Lord.of.the.Rings.The.Fellowship.of.the.Ring.2001.EXTENDED.1080p.BluRay.H264.AAC-RARBG.mkv
NAO;4365,45;Rustin.2023.1080p.WEB.h264-EDITH.mkv;Rustin.2023.1080p.H265.mkv;Rustin.2023.1080p.WEB.h264-EDITH[TGx];/mnt/Media/filmes/2023/Rustin.2023.1080p.WEB.h264-EDITH[TGx]/Rustin.2023.1080p.WEB.h264-EDITH.mkv
NAO;4338,86;Aquaman.2018.1080p.KORSUB.HDRip.x264.AAC2.0-STUTTERSHIT.mkv;Aquaman.2018.1080p.H265.mkv;Aquaman.2018.1080p.KORSUB.HDRip.x264.AAC2.0-STUTTERSHIT;/mnt/Media/filmes/Franquias/Marvel-DC/Aquaman.2018.1080p.KORSUB.HDRip.x264.AAC2.0-STUTTERSHIT/Aquaman.2018.1080p.KORSUB.HDRip.x264.AAC2.0-STUTTERSHIT.mkv
NAO;4250,56;The.Equalizer.2.2018.1080p.WEB-DL.DD5.1.H264-FGT.mkv;The.Equalizer.2.2018.1080p.H265.mkv;The.Equalizer.2.2018.1080p.WEB-DL.DD5.1.H264-FGT;/mnt/Media/filmes/2018/The.Equalizer.2.2018.1080p.WEB-DL.DD5.1.H264-FGT/The.Equalizer.2.2018.1080p.WEB-DL.DD5.1.H264-FGT.mkv
NAO;4196,55;Jumanji.Welcome.to.the.Jungle.2017.1080p.WEB-DL.DD5.1.H264-FGT.mkv;Jumanji.Welcome.to.the.Jungle.2017.1080p.H265.mkv;Jumanji.Welcome.to.the.Jungle.2017.1080p.WEB-DL.DD5.1.H264-FGT;/mnt/Media/filmes/2017/Jumanji.Welcome.to.the.Jungle.2017.1080p.WEB-DL.DD5.1.H264-FGT/Jumanji.Welcome.to.the.Jungle.2017.1080p.WEB-DL.DD5.1.H264-FGT.mkv
NAO;4191,06;Anna.2019.1080p.WEB-DL.DD5.1.H264-FGT (2).mkv;Anna.2019.1080p.H265.mkv;Anna.2019.1080p.WEB-DL.DD5.1.H264-FGT;/mnt/Media/filmes/2019/Anna.2019.1080p.WEB-DL.DD5.1.H264-FGT/Anna.2019.1080p.WEB-DL.DD5.1.H264-FGT (2).mkv
NAO;4167,80;Kong.Skull.Island.2017.1080p.WEB-DL.DD5.1.H264-FGT.mkv;Kong.Skull.Island.2017.1080p.H265.mkv;Kong.Skull.Island.2017.1080p.WEB-DL.DD5.1.H264-FGT;/mnt/Media/filmes/2017/Kong.Skull.Island.2017.1080p.WEB-DL.DD5.1.H264-FGT/Kong.Skull.Island.2017.1080p.WEB-DL.DD5.1.H264-FGT.mkv
NAO;4149,47;Ghost.in.the.Shell.2017.1080p.WEB-DL.DD5.1.H264-STRiFE.mkv;Ghost.in.the.Shell.2017.1080p.H265.mkv;Ghost.in.the.Shell.2017.1080p.WEB-DL.DD5.1.H264-STRiFE;/mnt/Media/filmes/2017/Ghost.in.the.Shell.2017.1080p.WEB-DL.DD5.1.H264-STRiFE/Ghost.in.the.Shell.2017.1080p.WEB-DL.DD5.1.H264-STRiFE.mkv
NAO;4138,67;Maleficent.Mistress.of.Evil.2019.1080p.WEB-DL.DD5.1.H264-FGT.mkv;Maleficent.Mistress.of.Evil.2019.1080p.H265.mkv;Maleficent.Mistress.of.Evil.2019.1080p.WEB-DL.DD5.1.H264-FGT;/mnt/Media/filmes/2019/Maleficent.Mistress.of.Evil.2019.1080p.WEB-DL.DD5.1.H264-FGT/Maleficent.Mistress.of.Evil.2019.1080p.WEB-DL.DD5.1.H264-FGT.mkv
NAO;4132,79;Ant.Man.and.the.Wasp.2018.1080p.WEB-DL.DD5.1.H264-FGT.mkv;Ant.Man.and.the.Wasp.2018.1080p.H265.mkv;Ant.Man.and.the.Wasp.2018.1080p.WEB-DL.DD5.1.H264-FGT;/mnt/Media/filmes/Franquias/Marvel-DC/Ant.Man.and.the.Wasp.2018.1080p.WEB-DL.DD5.1.H264-FGT/Ant.Man.and.the.Wasp.2018.1080p.WEB-DL.DD5.1.H264-FGT.mkv
NAO;4099,86;Alien.Covenant.2017.PROPER.1080p.KORSUB.HDRip.x264.AAC2.0-STUTTERSHIT.mp4;Alien.Covenant.2017.1080p.H265.mp4;Alien.Covenant.2017.PROPER.1080p.KORSUB.HDRip.x264.AAC2.0-STUTTERSHIT;/mnt/Media/filmes/2017/Alien.Covenant.2017.PROPER.1080p.KORSUB.HDRip.x264.AAC2.0-STUTTERSHIT/Alien.Covenant.2017.PROPER.1080p.KORSUB.HDRip.x264.AAC2.0-STUTTERSHIT.mp4
NAO;4094,61;Yesterday.2019.1080p.WEB-DL.DD5.1.H264-FGT.mkv;Yesterday.2019.1080p.H265.mkv;Yesterday.2019.1080p.WEB-DL.DD5.1.H264-FGT;/mnt/Media/filmes/2019/Yesterday.2019.1080p.WEB-DL.DD5.1.H264-FGT/Yesterday.2019.1080p.WEB-DL.DD5.1.H264-FGT.mkv
NAO;4048,95;Atomic.Blonde.2017.1080p.KORSUB.HDRip.x264.AAC2.0-STUTTERSHIT.mkv;Atomic.Blonde.2017.1080p.H265.mkv;Atomic.Blonde.2017.1080p.KORSUB.HDRip.x264.AAC2.0-STUTTERSHIT;/mnt/Media/filmes/2017/Atomic.Blonde.2017.1080p.KORSUB.HDRip.x264.AAC2.0-STUTTERSHIT/Atomic.Blonde.2017.1080p.KORSUB.HDRip.x264.AAC2.0-STUTTERSHIT.mkv
NAO;4028,03;The.Girl.in.the.Spiders.Web.2018.1080p.WEB-DL.DD5.1.H264-FGT.mkv;The.Girl.in.the.Spiders.Web.2018.1080p.H265.mkv;The.Girl.in.the.Spiders.Web.2018.1080p.WEB-DL.DD5.1.H264-FGT;/mnt/Media/filmes/Franquias/The_Girl_With_The_Dragon_Tatoo/The.Girl.in.the.Spiders.Web.2018.1080p.WEB-DL.DD5.1.H264-FGT/The.Girl.in.the.Spiders.Web.2018.1080p.WEB-DL.DD5.1.H264-FGT.mkv
NAO;4008,45;Deadpool.2.2018.Super.Duper.Cut.UNRATED.720p.WEBRip.XviD.AC3-FGT.mkv;Deadpool.2.2018.720p.H265.mkv;Deadpool.2.2018.Super.Duper.Cut.UNRATED.720p.WEBRip.XviD.AC3-FGT;/mnt/Media/filmes/Franquias/Marvel-DC/Deadpool.2.2018.Super.Duper.Cut.UNRATED.720p.WEBRip.XviD.AC3-FGT/Deadpool.2.2018.Super.Duper.Cut.UNRATED.720p.WEBRip.XviD.AC3-FGT.mkv
NAO;3970,39;Justice.League.2017.1080p.KORSUB.HDRip.x264.AAC2.0-STUTTERSHIT.mp4;Justice.League.2017.1080p.H265.mp4;Justice.League.2017.1080p.KORSUB.HDRip.x264.AAC2.0-STUTTERSHIT;/mnt/Media/filmes/Franquias/Marvel-DC/Justice.League.2017.1080p.KORSUB.HDRip.x264.AAC2.0-STUTTERSHIT/Justice.League.2017.1080p.KORSUB.HDRip.x264.AAC2.0-STUTTERSHIT.mp4
NAO;3942,30;Tolkien.2019.1080p.WEB-DL.DD5.1.H264-FGT.mkv;Tolkien.2019.1080p.H265.mkv;Tolkien.2019.1080p.WEB-DL.DD5.1.H264-FGT;/mnt/Media/filmes/Franquias/Lord of the Rings/Tolkien.2019.1080p.WEB-DL.DD5.1.H264-FGT/Tolkien.2019.1080p.WEB-DL.DD5.1.H264-FGT.mkv
NAO;3940,44;Chupa.2023.1080p.NF.WEB-DL.DDP5.1.Atmos.H.264-PEPE.mkv;Chupa.2023.1080p.H265.mkv;2023;/mnt/Media/filmes/2023/Chupa.2023.1080p.NF.WEB-DL.DDP5.1.Atmos.H.264-PEPE.mkv
NAO;3936,80;Shazam.2019.1080p.KORSUB.HDRip.x264.AAC2.0-STUTTERSHIT.mkv;Shazam.2019.1080p.H265.mkv;Shazam.2019.1080p.KORSUB.HDRip.x264.AAC2.0-STUTTERSHIT;/mnt/Media/filmes/Franquias/Marvel-DC/Shazam.2019.1080p.KORSUB.HDRip.x264.AAC2.0-STUTTERSHIT/Shazam.2019.1080p.KORSUB.HDRip.x264.AAC2.0-STUTTERSHIT.mkv
NAO;3816,77;The.Marksman.2021.1080p.WEB-DL.DD5.1.H264-FGT (1).mkv;The.Marksman.2021.1080p.H265.mkv;The.Marksman.2021.1080p.WEB-DL.DD5.1.H264-FGT;/mnt/Media/filmes/2021/The.Marksman.2021.1080p.WEB-DL.DD5.1.H264-FGT/The.Marksman.2021.1080p.WEB-DL.DD5.1.H264-FGT (1).mkv
NAO;3760,69;The.Humanity.Bureau.2017.1080p.WEB-DL.DD5.1.H264-FGT.mkv;The.Humanity.Bureau.2017.1080p.H265.mkv;The.Humanity.Bureau.2017.1080p.WEB-DL.DD5.1.H264-FGT;/mnt/Media/filmes/2017/The.Humanity.Bureau.2017.1080p.WEB-DL.DD5.1.H264-FGT/The.Humanity.Bureau.2017.1080p.WEB-DL.DD5.1.H264-FGT.mkv
NAO;3759,34;Avatar.The.Way.of.Water.2022.1080p.WEBRip.x264-RARBG.mp4;Avatar.The.Way.of.Water.2022.1080p.H265.mp4;Avatar.The.Way.of.Water.2022.1080p.WEBRip.x264-RARBG;/mnt/Media/filmes/2022/Avatar.The.Way.of.Water.2022.1080p.WEBRip.x264-RARBG/Avatar.The.Way.of.Water.2022.1080p.WEBRip.x264-RARBG.mp4
NAO;3717,53;I.Kill.Giants.2017.1080p.WEB-DL.DD5.1.H264-FGT.mkv;I.Kill.Giants.2017.1080p.H265.mkv;I.Kill.Giants.2017.1080p.WEB-DL.DD5.1.H264-FGT;/mnt/Media/filmes/2017/I.Kill.Giants.2017.1080p.WEB-DL.DD5.1.H264-FGT/I.Kill.Giants.2017.1080p.WEB-DL.DD5.1.H264-FGT.mkv
NAO;3690,38;The.Foreigner.2017.1080p.HC.WEBRip.x264.AAC2.0-STUTTERSHIT.mkv;The.Foreigner.2017.1080p.H265.mkv;The.Foreigner.2017.1080p.HC.WEBRip.x264.AAC2.0-STUTTERSHIT;/mnt/Media/filmes/2017/The.Foreigner.2017.1080p.HC.WEBRip.x264.AAC2.0-STUTTERSHIT/The.Foreigner.2017.1080p.HC.WEBRip.x264.AAC2.0-STUTTERSHIT.mkv
NAO;3620,86;The.Predator.2018.1080p.KORSUB.HDRip.x264.AAC2.0-STUTTERSHIT.mkv;The.Predator.2018.1080p.H265.mkv;The.Predator.2018.1080p.KORSUB.HDRip.x264.AAC2.0-STUTTERSHIT;/mnt/Media/filmes/Franquias/Predator/The.Predator.2018.1080p.KORSUB.HDRip.x264.AAC2.0-STUTTERSHIT/The.Predator.2018.1080p.KORSUB.HDRip.x264.AAC2.0-STUTTERSHIT.mkv
NAO;3603,00;Almost.Adults.2016.1080p.WEB-DL.DD5.1.H264-FGT.mkv;Almost.Adults.2016.1080p.H265.mkv;Almost.Adults.2016.1080p.WEB-DL.DD5.1.H264-FGT;/mnt/Media/filmes/2016/Almost.Adults.2016.1080p.WEB-DL.DD5.1.H264-FGT/Almost.Adults.2016.1080p.WEB-DL.DD5.1.H264-FGT.mkv
NAO;3540,00;Avengers.Endgame.2019.1080p.WEBRip.x264-RARBG.mkv;Avengers.Endgame.2019.1080p.H265.mkv;Avengers.Endgame.2019.1080p.WEBRip.x264-RARBG;/mnt/Media/filmes/Franquias/Marvel-DC/Avengers.Endgame.2019.1080p.WEBRip.x264-RARBG/Avengers.Endgame.2019.1080p.WEBRip.x264-RARBG.mkv
NAO;3527,74;Before.I.Fall.2017.1080p.WEB-DL.DD5.1.H264-FGT.mkv;Before.I.Fall.2017.1080p.H265.mkv;Before.I.Fall.2017.1080p.WEB-DL.DD5.1.H264-FGT;/mnt/Media/filmes/2017/Before.I.Fall.2017.1080p.WEB-DL.DD5.1.H264-FGT/Before.I.Fall.2017.1080p.WEB-DL.DD5.1.H264-FGT.mkv
NAO;3480,47;Cold.Pursuit.2019.KORSUB.HDRip.x264-STUTTERSHIT.mkv;Cold.Pursuit.2019.1080p.H265.mkv;Cold.Pursuit.2019.1080p.KORSUB.HDRip.x264.AAC2.0-STUTTERSHIT;/mnt/Media/filmes/2019/Cold.Pursuit.2019.1080p.KORSUB.HDRip.x264.AAC2.0-STUTTERSHIT/Cold.Pursuit.2019.KORSUB.HDRip.x264-STUTTERSHIT.mkv
SIM;3400,84;2-Harry.Potter.And.The.Chamber.of.Secrets.2002.EXTENDED.1080p.BluRay.H264.AAC-RARBG.mkv;2-Harry.Potter.And.The.Chamber.of.Secrets.2002.1080p.H265.mkv;HarryPotter;/mnt/Media/filmes/Franquias/HarryPotter/2-Harry.Potter.And.The.Chamber.of.Secrets.2002.EXTENDED.1080p.BluRay.H264.AAC-RARBG.mkv
NAO;3392,11;Ava.2020.1080p.WEB-DL.DD5.1.H264-FGT (1).mkv;Ava.2020.1080p.H265.mkv;Ava.2020.1080p.WEB-DL.DD5.1.H264-FGT;/mnt/Media/filmes/2020/Ava.2020.1080p.WEB-DL.DD5.1.H264-FGT/Ava.2020.1080p.WEB-DL.DD5.1.H264-FGT (1).mkv
NAO;3296,44;Interstellar.2014.1080p.BluRay.H264.AAC-RARBG.mkv;Interstellar.2014.1080p.H265.mkv;Interstellar.2014.1080p.BluRay.H264.AAC-RARBG;/mnt/Media/filmes/OLD/Interstellar.2014.1080p.BluRay.H264.AAC-RARBG/Interstellar.2014.1080p.BluRay.H264.AAC-RARBG.mkv
NAO;3272,21;Please.Stand.By.2017.1080p.WEB-DL.DD5.1.H264-FGT (1).mkv;Please.Stand.By.2017.1080p.H265.mkv;Please.Stand.By.2017.1080p.WEB-DL.DD5.1.H264-FGT;/mnt/Media/filmes/2017/Please.Stand.By.2017.1080p.WEB-DL.DD5.1.H264-FGT/Please.Stand.By.2017.1080p.WEB-DL.DD5.1.H264-FGT (1).mkv
NAO;3177,60;In.The.Fade.2017.GERMAN.720p.WEB-DL.XviD.AC3-FGT.avi;In.The.Fade.2017.720p.H265.avi;In.The.Fade.2017.GERMAN.720p.WEB-DL.XviD.AC3-FGT;/mnt/Media/filmes/2017/In.The.Fade.2017.GERMAN.720p.WEB-DL.XviD.AC3-FGT/In.The.Fade.2017.GERMAN.720p.WEB-DL.XviD.AC3-FGT.avi
NAO;3097,24;1-Harry.Potter.And.The.Sorcerers.Stone.2001.EXTENDED.1080p.BluRay.H264.AAC-RARBG.mkv;1-Harry.Potter.And.The.Sorcerers.Stone.2001.1080p.H265.mkv;HarryPotter;/mnt/Media/filmes/Franquias/HarryPotter/1-Harry.Potter.And.The.Sorcerers.Stone.2001.EXTENDED.1080p.BluRay.H264.AAC-RARBG.mkv
NAO;3076,07;1917.2019.1080p.SCREENER.x264.AAC-FoE.mkv;1917.2019.1080p.H265.mkv;1917.2019.1080p.SCREENER.x264-FoE;/mnt/Media/filmes/2019/1917.2019.1080p.SCREENER.x264-FoE/1917.2019.1080p.SCREENER.x264.AAC-FoE.mkv
NAO;3062,65;4-Harry.Potter.And.The.Goblet.Of.Fire.2005.1080p.BluRay.H264.AAC-RARBG.mkv;4-Harry.Potter.And.The.Goblet.Of.Fire.2005.1080p.H265.mkv;HarryPotter;/mnt/Media/filmes/Franquias/HarryPotter/4-Harry.Potter.And.The.Goblet.Of.Fire.2005.1080p.BluRay.H264.AAC-RARBG.mkv
NAO;3053,95;The.Revenant.2015.1080p.BluRay.H264.AAC-RARBG.mp4;The.Revenant.2015.1080p.H265.mp4;The.Revenant.2015.1080p.BluRay.H264.AAC-RARBG;/mnt/Media/filmes/The.Revenant.2015.1080p.BluRay.H264.AAC-RARBG/The.Revenant.2015.1080p.BluRay.H264.AAC-RARBG.mp4
NAO;3015,93;Pulp.Fiction.1994.1080p.BluRay.H264.AAC-LAMA.mp4;Pulp.Fiction.1994.1080p.H265.mp4;Pulp.Fiction.1994.1080p.BluRay.H264.AAC-LAMA[TGx];/mnt/Media/filmes/OLD/Pulp.Fiction.1994.1080p.BluRay.H264.AAC-LAMA[TGx]/Pulp.Fiction.1994.1080p.BluRay.H264.AAC-LAMA.mp4
NAO;2993,28;6-Harry.Potter.and.the.Half.Blood.Prince.2009.1080p.BluRay.H264.AAC-RARBG.mkv;6-Harry.Potter.and.the.Half.Blood.Prince.2009.1080p.H265.mkv;HarryPotter;/mnt/Media/filmes/Franquias/HarryPotter/6-Harry.Potter.and.the.Half.Blood.Prince.2009.1080p.BluRay.H264.AAC-RARBG.mkv
NAO;2986,61;Terminator.2.Judgement.Day.1991.Directors.Cut.REMASTERED.1080p.BluRay.H264.AAC.READ.NFO-RARBG.mkv;Terminator.2.Judgement.Day.1991.1080p.H265.mkv;Terminator.2.Judgement.Day.1991.Directors.Cut.REMASTERED.1080p.BluRay.H264.AAC.READ.NFO-RARBG;/mnt/Media/filmes/Franquias/Terminator/Terminator.2.Judgement.Day.1991.Directors.Cut.REMASTERED.1080p.BluRay.H264.AAC.READ.NFO-RARBG/Terminator.2.Judgement.Day.1991.Directors.Cut.REMASTERED.1080p.BluRay.H264.AAC.READ.NFO-RARBG.mkv
NAO;2983,86;uncharted.2022.720p.web.h264-slot.mkv;uncharted.2022.720p.H265.mkv;Uncharted.2022.720p.WEB.H264-SLOT[rarbg];/mnt/Media/filmes/2022/Uncharted.2022.720p.WEB.H264-SLOT[rarbg]/uncharted.2022.720p.web.h264-slot.mkv
NAO;2976,70;The.Girl.with.the.Dragon.Tattoo.2009.SWEDISH.1080p.BluRay.H264.AAC-VXT.mkv;The.Girl.with.the.Dragon.Tattoo.2009.1080p.H265.mkv;The.Girl.with.the.Dragon.Tattoo.2009.SWEDISH.1080p.BluRay.H264.AAC-VXT;/mnt/Media/filmes/Franquias/The_Girl_With_The_Dragon_Tatoo/The.Girl.with.the.Dragon.Tattoo.2009.SWEDISH.1080p.BluRay.H264.AAC-VXT/The.Girl.with.the.Dragon.Tattoo.2009.SWEDISH.1080p.BluRay.H264.AAC-VXT.mkv
NAO;2975,63;Logan.2017.1080p.KORSUB.HDRip.x264.AAC2.0-STUTTERSHIT.mkv;Logan.2017.1080p.H265.mkv;Logan.2017.1080p.KORSUB.HDRip.x264.AAC2.0-STUTTERSHIT;/mnt/Media/filmes/Franquias/Marvel-DC/X-Men/Logan.2017.1080p.KORSUB.HDRip.x264.AAC2.0-STUTTERSHIT/Logan.2017.1080p.KORSUB.HDRip.x264.AAC2.0-STUTTERSHIT.mkv
NAO;2966,11;Star.Wars.The.Last.Jedi.2017.1080p.BluRay.H264.AAC-RARBG.mp4;Star.Wars.The.Last.Jedi.2017.1080p.H265.mp4;Star.Wars.The.Last.Jedi.2017.1080p.BluRay.H264.AAC-RARBG;/mnt/Media/filmes/Franquias/StarWars/Star.Wars.The.Last.Jedi.2017.1080p.BluRay.H264.AAC-RARBG/Star.Wars.The.Last.Jedi.2017.1080p.BluRay.H264.AAC-RARBG.mp4
NAO;2956,27;The.Martian.2015.EXTENDED.CUT.1080p.BluRay.H264.AAC-RARBG.mp4;The.Martian.2015.1080p.H265.mp4;The.Martian.2015.EXTENDED.CUT.1080p.BluRay.H264.AAC-RARBG;/mnt/Media/filmes/The.Martian.2015.EXTENDED.CUT.1080p.BluRay.H264.AAC-RARBG/The.Martian.2015.EXTENDED.CUT.1080p.BluRay.H264.AAC-RARBG.mp4
NAO;2946,35;Hard.Kill.2020.1080p.WEBRip.DD5.1.x264-CM (1).mkv;Hard.Kill.2020.1080p.H265.mkv;Hard.Kill.2020.1080p.WEBRip.DD5.1.x264-CM;/mnt/Media/filmes/2020/Hard.Kill.2020.1080p.WEBRip.DD5.1.x264-CM/Hard.Kill.2020.1080p.WEBRip.DD5.1.x264-CM (1).mkv
NAO;2927,42;Tenet.2020.IMAX.1080p.BluRay.H264.AAC-RARBG.mkv;Tenet.2020.1080p.H265.mkv;Tenet.2020.IMAX.1080p.BluRay.H264.AAC-RARBG;/mnt/Media/filmes/2020/Tenet.2020.IMAX.1080p.BluRay.H264.AAC-RARBG/Tenet.2020.IMAX.1080p.BluRay.H264.AAC-RARBG.mkv
NAO;2905,09;X-Men.Days.of.Future.Past.2014.THE.ROGUE.CUT.1080p.BluRay.H264.AAC-RARBG.mp4;X-Men.Days.of.Future.Past.2014.1080p.H265.mp4;X-Men.Days.of.Future.Past.2014.THE.ROGUE.CUT.1080p.BluRay.H264.AAC-RARBG;/mnt/Media/filmes/Franquias/Marvel-DC/X-Men/X-Men.Days.of.Future.Past.2014.THE.ROGUE.CUT.1080p.BluRay.H264.AAC-RARBG/X-Men.Days.of.Future.Past.2014.THE.ROGUE.CUT.1080p.BluRay.H264.AAC-RARBG.mp4
NAO;2900,64;X-Men.Days.of.Future.Past.2014.THE.ROGUE.CUT.1080p.BluRay.H264.AAC-RARBG.mkv;X-Men.Days.of.Future.Past.2014.1080p.H265.mkv;X-Men.Days.of.Future.Past.2014.THE.ROGUE.CUT.1080p.BluRay.H264.AAC-RARBG;/mnt/Media/filmes/Franquias/Marvel-DC/X-Men/X-Men.Days.of.Future.Past.2014.THE.ROGUE.CUT.1080p.BluRay.H264.AAC-RARBG/X-Men.Days.of.Future.Past.2014.THE.ROGUE.CUT.1080p.BluRay.H264.AAC-RARBG.mkv
NAO;2879,58;A.Star.Is.Born.2018.Encore.Edition.1080p.BluRay.H264.AAC-RARBG.mp4;A.Star.Is.Born.2018.1080p.H265.mp4;A.Star.Is.Born.2018.Encore.Edition.1080p.BluRay.H264.AAC-RARBG;/mnt/Media/filmes/2018/A.Star.Is.Born.2018.Encore.Edition.1080p.BluRay.H264.AAC-RARBG/A.Star.Is.Born.2018.Encore.Edition.1080p.BluRay.H264.AAC-RARBG.mp4
NAO;2863,91;The.Girl.Who.Kicked.the.Hornets.Nest.2009.SWEDISH.1080p.BluRay.H264.AAC-VXT.mkv;The.Girl.Who.Kicked.the.Hornets.Nest.2009.1080p.H265.mkv;The.Girl.Who.Kicked.the.Hornets.Nest.2009.SWEDISH.1080p.BluRay.H264.AAC-VXT;/mnt/Media/filmes/Franquias/The_Girl_With_The_Dragon_Tatoo/The.Girl.Who.Kicked.the.Hornets.Nest.2009.SWEDISH.1080p.BluRay.H264.AAC-VXT/The.Girl.Who.Kicked.the.Hornets.Nest.2009.SWEDISH.1080p.BluRay.H264.AAC-VXT.mkv
NAO;2848,69;7-Harry.Potter.And.The.Deathly.Hallows.Part.1.2010.1080p.BluRay.H264.AAC-RARBG.mkv;7-Harry.Potter.And.The.Deathly.Hallows.2010.1080p.H265.mkv;HarryPotter;/mnt/Media/filmes/Franquias/HarryPotter/7-Harry.Potter.And.The.Deathly.Hallows.Part.1.2010.1080p.BluRay.H264.AAC-RARBG.mkv
NAO;2806,76;X-Men.Apocalypse.2016.1080p.BluRay.H264.AAC-RARBG.mkv;X-Men.Apocalypse.2016.1080p.H265.mkv;X-Men.Apocalypse.2016.1080p.BluRay.H264.AAC-RARBG;/mnt/Media/filmes/Franquias/Marvel-DC/X-Men/X-Men.Apocalypse.2016.1080p.BluRay.H264.AAC-RARBG/X-Men.Apocalypse.2016.1080p.BluRay.H264.AAC-RARBG.mkv
NAO;2796,35;Transformers.2007.1080p.BluRay.H264.AAC-RARBG.mkv;Transformers.2007.1080p.H265.mkv;Transformers.2007.1080p.BluRay.H264.AAC-RARBG;/mnt/Media/filmes/OLD/Transformers.2007.1080p.BluRay.H264.AAC-RARBG/Transformers.2007.1080p.BluRay.H264.AAC-RARBG.mkv
NAO;2777,86;Star.Wars.Episode.II.Attack.of.the.Clones.2002.PROPER.1080p.BluRay.H264.AAC-RARBG.mkv;Star.Wars.Episode.II.Attack.of.the.Clones.2002.1080p.H265.mkv;Star.Wars.Episode.II.Attack.of.the.Clones.2002.PROPER.1080p.BluRay.H264.AAC-RARBG;/mnt/Media/filmes/Franquias/StarWars/Star.Wars.Episode.II.Attack.of.the.Clones.2002.PROPER.1080p.BluRay.H264.AAC-RARBG/Star.Wars.Episode.II.Attack.of.the.Clones.2002.PROPER.1080p.BluRay.H264.AAC-RARBG.mkv
NAO;2766,21;Star.Wars.Episode.IX.The.Rise.of.Skywalker.2019.1080p.WEBRip.x264-RARBG.mkv;Star.Wars.Episode.IX.The.Rise.of.Skywalker.2019.1080p.H265.mkv;Star.Wars.Episode.IX.The.Rise.of.Skywalker.2019.1080p.WEBRip.x264-RARBG;/mnt/Media/filmes/Franquias/StarWars/Star.Wars.Episode.IX.The.Rise.of.Skywalker.2019.1080p.WEBRip.x264-RARBG/Star.Wars.Episode.IX.The.Rise.of.Skywalker.2019.1080p.WEBRip.x264-RARBG.mkv
NAO;2763,56;3-Harry.Potter.And.The.Prisoner.Of.Azkaban.2004.1080p.BluRay.H264.AAC-RARBG.mkv;3-Harry.Potter.And.The.Prisoner.Of.Azkaban.2004.1080p.H265.mkv;HarryPotter;/mnt/Media/filmes/Franquias/HarryPotter/3-Harry.Potter.And.The.Prisoner.Of.Azkaban.2004.1080p.BluRay.H264.AAC-RARBG.mkv
NAO;2748,22;Fantastic.Beasts.The.Crimes.Of.Grindelwald.2018.EXTENDED.1080p.BluRay.H264.AAC-RARBG.mkv;Fantastic.Beasts.The.Crimes.Of.Grindelwald.2018.1080p.H265.mkv;Fantastic.Beasts.The.Crimes.Of.Grindelwald.2018.EXTENDED.1080p.BluRay.H264.AAC-RARBG;/mnt/Media/filmes/Franquias/HarryPotter/Fantastic.Beasts.The.Crimes.Of.Grindelwald.2018.EXTENDED.1080p.BluRay.H264.AAC-RARBG/Fantastic.Beasts.The.Crimes.Of.Grindelwald.2018.EXTENDED.1080p.BluRay.H264.AAC-RARBG.mkv
NAO;2731,14;Star.Wars.Episode.III.Revenge.of.the.Sith.2005.PROPER.1080p.BluRay.H264.AAC-RARBG.mkv;Star.Wars.Episode.III.Revenge.of.the.Sith.2005.1080p.H265.mkv;Star.Wars.Episode.III.Revenge.of.the.Sith.2005.PROPER.1080p.BluRay.H264.AAC-RARBG;/mnt/Media/filmes/Franquias/StarWars/Star.Wars.Episode.III.Revenge.of.the.Sith.2005.PROPER.1080p.BluRay.H264.AAC-RARBG/Star.Wars.Episode.III.Revenge.of.the.Sith.2005.PROPER.1080p.BluRay.H264.AAC-RARBG.mkv
NAO;2698,83;The.Wolverine.2013.EXTENDED.1080p.BluRay.H264.AAC-RARBG.mp4;The.Wolverine.2013.1080p.H265.mp4;The.Wolverine.2013.EXTENDED.1080p.BluRay.H264.AAC-RARBG;/mnt/Media/filmes/Franquias/Marvel-DC/X-Men/The.Wolverine.2013.EXTENDED.1080p.BluRay.H264.AAC-RARBG/The.Wolverine.2013.EXTENDED.1080p.BluRay.H264.AAC-RARBG.mp4
NAO;2696,89;The.Matrix.Reloaded.2003.REMASTERED.1080p.BluRay.H264.AAC-RARBG.mkv;The.Matrix.Reloaded.2003.1080p.H265.mkv;The.Matrix.Reloaded.2003.REMASTERED.1080p.BluRay.H264.AAC-RARBG;/mnt/Media/filmes/Franquias/Matrix/The.Matrix.Reloaded.2003.REMASTERED.1080p.BluRay.H264.AAC-RARBG/The.Matrix.Reloaded.2003.REMASTERED.1080p.BluRay.H264.AAC-RARBG.mkv
NAO;2694,42;5-Harry.Potter.and.the.Order.of.the.Phoenix.2007.1080p.BluRay.H264.AAC-RARBG.mkv;5-Harry.Potter.and.the.Order.of.the.Phoenix.2007.1080p.H265.mkv;HarryPotter;/mnt/Media/filmes/Franquias/HarryPotter/5-Harry.Potter.and.the.Order.of.the.Phoenix.2007.1080p.BluRay.H264.AAC-RARBG.mkv
NAO;2657,58;The.Matrix.1999.REMASTERED.PROPER.1080p.BluRay.H264.AAC-RARBG.mkv;The.Matrix.1999.1080p.H265.mkv;The.Matrix.1999.REMASTERED.PROPER.1080p.BluRay.H264.AAC-RARBG;/mnt/Media/filmes/Franquias/Matrix/The.Matrix.1999.REMASTERED.PROPER.1080p.BluRay.H264.AAC-RARBG/The.Matrix.1999.REMASTERED.PROPER.1080p.BluRay.H264.AAC-RARBG.mkv
NAO;2655,31;Star.Wars.Episode.I.The.Phantom.Menace.1999.PROPER.1080p.BluRay.H264.AAC-RARBG.mkv;Star.Wars.Episode.I.The.Phantom.Menace.1999.1080p.H265.mkv;Star.Wars.Episode.I.The.Phantom.Menace.1999.PROPER.1080p.BluRay.H264.AAC-RARBG;/mnt/Media/filmes/Franquias/StarWars/Star.Wars.Episode.I.The.Phantom.Menace.1999.PROPER.1080p.BluRay.H264.AAC-RARBG/Star.Wars.Episode.I.The.Phantom.Menace.1999.PROPER.1080p.BluRay.H264.AAC-RARBG.mkv
NAO;2643,35;Downsizing.2017.1080p.BluRay.H264.AAC-RARBG.mkv;Downsizing.2017.1080p.H265.mkv;Downsizing.2017.1080p.BluRay.H264.AAC-RARBG;/mnt/Media/filmes/2017/Downsizing.2017.1080p.BluRay.H264.AAC-RARBG/Downsizing.2017.1080p.BluRay.H264.AAC-RARBG.mkv
NAO;2637,95;Margin Call 2011 BluRay 1080p.H264 Ita Eng AC3 5.1 Sub Ita Eng realDMDJ.mkv;Margin.Call.2011.1080p.H265.mkv;Margin Call 2011 BluRay;/mnt/Media/filmes/OLD/Margin Call 2011 BluRay/Margin Call 2011 BluRay 1080p.H264 Ita Eng AC3 5.1 Sub Ita Eng realDMDJ.mkv
NAO;2628,33;Star.Wars.Episode.VI.Return.of.the.Jedi.1983.PROPER.1080p.BluRay.H264.AAC-RARBG.mkv;Star.Wars.Episode.VI.Return.of.the.Jedi.1983.1080p.H265.mkv;Star.Wars.Episode.VI.Return.of.the.Jedi.1983.PROPER.1080p.BluRay.H264.AAC-RARBG;/mnt/Media/filmes/Franquias/StarWars/Star.Wars.Episode.VI.Return.of.the.Jedi.1983.PROPER.1080p.BluRay.H264.AAC-RARBG/Star.Wars.Episode.VI.Return.of.the.Jedi.1983.PROPER.1080p.BluRay.H264.AAC-RARBG.mkv
NAO;2627,50;Solo.A.Star.Wars.Story.2018.1080p.BluRay.H264.AAC-RARBG.mkv;Solo.A.Star.Wars.Story.2018.1080p.H265.mkv;Solo.A.Star.Wars.Story.2018.1080p.BluRay.H264.AAC-RARBG;/mnt/Media/filmes/Franquias/StarWars/Solo.A.Star.Wars.Story.2018.1080p.BluRay.H264.AAC-RARBG/Solo.A.Star.Wars.Story.2018.1080p.BluRay.H264.AAC-RARBG.mkv
NAO;2612,99;Rogue.One.2016.1080p.BluRay.H264.AAC-RARBG.mp4;Rogue.One.2016.1080p.H265.mp4;Rogue.One.2016.1080p.BluRay.H264.AAC-RARBG;/mnt/Media/filmes/Franquias/StarWars/Rogue.One.2016.1080p.BluRay.H264.AAC-RARBG/Rogue.One.2016.1080p.BluRay.H264.AAC-RARBG.mp4
NAO;2610,38;Invictus.2009.1080p.BluRay.H264.AAC-RARBG.mp4;Invictus.2009.1080p.H265.mp4;Invictus.2009.1080p.BluRay.H264.AAC-RARBG;/mnt/Media/filmes/OLD/Invictus.2009.1080p.BluRay.H264.AAC-RARBG/Invictus.2009.1080p.BluRay.H264.AAC-RARBG.mp4
NAO;2605,82;Invictus.2009.1080p.BluRay.H264.AAC-RARBG.mkv;Invictus.2009.1080p.H265.mkv;Invictus.2009.1080p.BluRay.H264.AAC-RARBG;/mnt/Media/filmes/OLD/Invictus.2009.1080p.BluRay.H264.AAC-RARBG/Invictus.2009.1080p.BluRay.H264.AAC-RARBG.mkv
NAO;2597,13;Moneyball.2011.REMASTERED.1080p.BluRay.H264.AAC-RARBG.mkv;Moneyball.2011.1080p.H265.mkv;Moneyball.2011.REMASTERED.1080p.BluRay.H264.AAC-RARBG;/mnt/Media/filmes/OLD/Moneyball.2011.REMASTERED.1080p.BluRay.H264.AAC-RARBG/Moneyball.2011.REMASTERED.1080p.BluRay.H264.AAC-RARBG.mkv
NAO;2595,91;The.Front.Line.2011.KOREAN.1080p.BluRay.H264.AAC-VXT.mkv;The.Front.Line.2011.1080p.H265.mkv;The.Front.Line.2011.KOREAN.1080p.BluRay.H264.AAC-VXT;/mnt/Media/filmes/Asian/The.Front.Line.2011.KOREAN.1080p.BluRay.H264.AAC-VXT/The.Front.Line.2011.KOREAN.1080p.BluRay.H264.AAC-VXT.mkv
NAO;2586,93;Fantastic.Beasts.and.Where.to.Find.Them.2016.1080p.BluRay.H264.AAC-RARBG.mkv;Fantastic.Beasts.and.Where.to.Find.Them.2016.1080p.H265.mkv;Fantastic.Beasts.and.Where.to.Find.Them.2016.1080p.BluRay.H264.AAC-RARBG;/mnt/Media/filmes/Franquias/HarryPotter/Fantastic.Beasts.and.Where.to.Find.Them.2016.1080p.BluRay.H264.AAC-RARBG/Fantastic.Beasts.and.Where.to.Find.Them.2016.1080p.BluRay.H264.AAC-RARBG.mkv
NAO;2580,92;Die.Hard.With.A.Vengeance.1995.1080p.BluRay.H264.AAC-RARBG.mkv;Die.Hard.With.A.Vengeance.1995.1080p.H265.mkv;Die.Hard.With.A.Vengeance.1995.1080p.BluRay.H264.AAC-RARBG;/mnt/Media/filmes/Franquias/DieHard/Die.Hard.With.A.Vengeance.1995.1080p.BluRay.H264.AAC-RARBG/Die.Hard.With.A.Vengeance.1995.1080p.BluRay.H264.AAC-RARBG.mkv
NAO;2578,99;The.Equalizer.2014.1080p.BluRay.H264.AAC-RARBG.mp4;The.Equalizer.2014.1080p.H265.mp4;The.Equalizer.2014.1080p.BluRay.H264.AAC-RARBG;/mnt/Media/filmes/OLD/The.Equalizer.2014.1080p.BluRay.H264.AAC-RARBG/The.Equalizer.2014.1080p.BluRay.H264.AAC-RARBG.mp4
NAO;2575,53;Die.Hard.1988.1080p.BluRay.H264.AAC-RARBG.mkv;Die.Hard.1988.1080p.H265.mkv;Die.Hard.1988.1080p.BluRay.H264.AAC-RARBG;/mnt/Media/filmes/Franquias/DieHard/Die.Hard.1988.1080p.BluRay.H264.AAC-RARBG/Die.Hard.1988.1080p.BluRay.H264.AAC-RARBG.mkv
NAO;2561,41;Bicentennial.Man.1999.1080p.WEBRip.x264-RARBG.mkv;Bicentennial.Man.1999.1080p.H265.mkv;Bicentennial.Man.1999.1080p.WEBRip.x264-RARBG;/mnt/Media/filmes/OLD/Bicentennial.Man.1999.1080p.WEBRip.x264-RARBG/Bicentennial.Man.1999.1080p.WEBRip.x264-RARBG.mkv
NAO;2544,08;Conan.The.Barbarian.1982.1080p.BluRay.H264.AAC-RARBG.mkv;Conan.The.Barbarian.1982.1080p.H265.mkv;Conan.The.Barbarian.1982.1080p.BluRay.H264.AAC-RARBG;/mnt/Media/filmes/OLD/Conan.The.Barbarian.1982.1080p.BluRay.H264.AAC-RARBG/Conan.The.Barbarian.1982.1080p.BluRay.H264.AAC-RARBG.mkv
NAO;2543,89;The.Hurricane.Heist.2018.720p.KORSUB.HDRip.x264.AAC2.0-STUTTERSHIT.mkv;The.Hurricane.Heist.2018.720p.H265.mkv;The.Hurricane.Heist.2018.720p.KORSUB.HDRip.x264.AAC2.0-STUTTERSHIT;/mnt/Media/filmes/2018/The.Hurricane.Heist.2018.720p.KORSUB.HDRip.x264.AAC2.0-STUTTERSHIT/The.Hurricane.Heist.2018.720p.KORSUB.HDRip.x264.AAC2.0-STUTTERSHIT.mkv
NAO;2543,53;8-Harry.Potter.And.The.Deathly.Hallows.Part.2.2011.1080p.BluRay.H264.AAC-RARBG.mkv;8-Harry.Potter.And.The.Deathly.Hallows.2011.1080p.H265.mkv;HarryPotter;/mnt/Media/filmes/Franquias/HarryPotter/8-Harry.Potter.And.The.Deathly.Hallows.Part.2.2011.1080p.BluRay.H264.AAC-RARBG.mkv
NAO;2539,19;Tomorrowland.2015.1080p.BluRay.H264.AAC-RARBG.mp4;Tomorrowland.2015.1080p.H265.mp4;Tomorrowland.2015.1080p.BluRay.H264.AAC-RARBG;/mnt/Media/filmes/Tomorrowland.2015.1080p.BluRay.H264.AAC-RARBG/Tomorrowland.2015.1080p.BluRay.H264.AAC-RARBG.mp4
NAO;2532,34;THE.HUNGER.GAMES.THE.BALLAD.OF.SONGBIRDS.AND.SNAKES.1080p.WEB.DL-MassModz.mkv;THE.HUNGER.GAMES.THE.BALLAD.OF.SONGBIRDS.AND.SNAKES.1080p.H265.mkv;THE.HUNGER.GAMES.THE.BALLAD.OF.SONGBIRDS.AND.SNAKES.1080p.WEB.DL-MassModz;/mnt/Media/filmes/THE.HUNGER.GAMES.THE.BALLAD.OF.SONGBIRDS.AND.SNAKES.1080p.WEB.DL-MassModz/THE.HUNGER.GAMES.THE.BALLAD.OF.SONGBIRDS.AND.SNAKES.1080p.WEB.DL-MassModz.mkv
NAO;2531,42;Stargate.1994.EXTENDED.1080p.BluRay.H264.AAC-RARBG.mkv;Stargate.1994.1080p.H265.mkv;Stargate.1994.EXTENDED.1080p.BluRay.H264.AAC-RARBG;/mnt/Media/filmes/OLD/Stargate.1994.EXTENDED.1080p.BluRay.H264.AAC-RARBG/Stargate.1994.EXTENDED.1080p.BluRay.H264.AAC-RARBG.mkv
NAO;2522,49;The.Girl.Who.Played.with.Fire.2009.SWEDISH.1080p.BluRay.H264.AAC-VXT.mkv;The.Girl.Who.Played.with.Fire.2009.1080p.H265.mkv;The.Girl.Who.Played.with.Fire.2009.SWEDISH.1080p.BluRay.H264.AAC-VXT;/mnt/Media/filmes/Franquias/The_Girl_With_The_Dragon_Tatoo/The.Girl.Who.Played.with.Fire.2009.SWEDISH.1080p.BluRay.H264.AAC-VXT/The.Girl.Who.Played.with.Fire.2009.SWEDISH.1080p.BluRay.H264.AAC-VXT.mkv
NAO;2520,19;The.Matrix.Revolutions.2003.REMASTERED.1080p.BluRay.H264.AAC-RARBG.mkv;The.Matrix.Revolutions.2003.1080p.H265.mkv;The.Matrix.Revolutions.2003.REMASTERED.1080p.BluRay.H264.AAC-RARBG;/mnt/Media/filmes/Franquias/Matrix/The.Matrix.Revolutions.2003.REMASTERED.1080p.BluRay.H264.AAC-RARBG/The.Matrix.Revolutions.2003.REMASTERED.1080p.BluRay.H264.AAC-RARBG.mkv
NAO;2507,10;Live.Free.Or.Die.Hard.2007.1080p.BluRay.H264.AAC-RARBG.mkv;Live.Free.Or.Die.Hard.2007.1080p.H265.mkv;Live.Free.Or.Die.Hard.2007.1080p.BluRay.H264.AAC-RARBG;/mnt/Media/filmes/Franquias/DieHard/Live.Free.Or.Die.Hard.2007.1080p.BluRay.H264.AAC-RARBG/Live.Free.Or.Die.Hard.2007.1080p.BluRay.H264.AAC-RARBG.mkv
NAO;2498,49;The.Accountant.2016.1080p.BluRay.H264.AAC-RARBG.mp4;The.Accountant.2016.1080p.H265.mp4;The.Accountant.2016.1080p.BluRay.H264.AAC-RARBG;/mnt/Media/filmes/2016/The.Accountant.2016.1080p.BluRay.H264.AAC-RARBG/The.Accountant.2016.1080p.BluRay.H264.AAC-RARBG.mp4
NAO;2486,72;Jupiter.Ascending.2015.1080p.BluRay.H264.AAC-RARBG.mkv;Jupiter.Ascending.2015.1080p.H265.mkv;Jupiter.Ascending.2015.1080p.BluRay.H264.AAC-RARBG;/mnt/Media/filmes/Jupiter.Ascending.2015.1080p.BluRay.H264.AAC-RARBG/Jupiter.Ascending.2015.1080p.BluRay.H264.AAC-RARBG.mkv
NAO;2483,48;Star.Wars.Episode.V.The.Empire.Strikes.Back.1980.PROPER.1080p.BluRay.H264.AAC-RARBG.mkv;Star.Wars.Episode.V.The.Empire.Strikes.Back.1980.1080p.H265.mkv;Star.Wars.Episode.V.The.Empire.Strikes.Back.1980.PROPER.1080p.BluRay.H264.AAC-RARBG;/mnt/Media/filmes/Franquias/StarWars/Star.Wars.Episode.V.The.Empire.Strikes.Back.1980.PROPER.1080p.BluRay.H264.AAC-RARBG/Star.Wars.Episode.V.The.Empire.Strikes.Back.1980.PROPER.1080p.BluRay.H264.AAC-RARBG.mkv
NAO;2475,04;Die.Hard.2.1990.1080p.BluRay.H264.AAC-RARBG.mkv;Die.Hard.2.1990.1080p.H265.mkv;Die.Hard.2.1990.1080p.BluRay.H264.AAC-RARBG;/mnt/Media/filmes/Franquias/DieHard/Die.Hard.2.1990.1080p.BluRay.H264.AAC-RARBG/Die.Hard.2.1990.1080p.BluRay.H264.AAC-RARBG.mkv
NAO;2469,34;Doctor.Strange.in.the.Multiverse.of.Madness.2022.1080p.WEBRip.x264-RARBG.mp4;Doctor.Strange.in.the.Multiverse.of.Madness.2022.1080p.H265.mp4;Doctor.Strange.in.the.Multiverse.of.Madness.2022.1080p.WEBRip.x264-RARBG;/mnt/Media/filmes/Franquias/Marvel-DC/Doctor.Strange.in.the.Multiverse.of.Madness.2022.1080p.WEBRip.x264-RARBG/Doctor.Strange.in.the.Multiverse.of.Madness.2022.1080p.WEBRip.x264-RARBG.mp4
NAO;2449,64;Philadelphia.1993.REMASTERED.1080p.BluRay.H264.AAC-LAMA.mp4;Philadelphia.1993.1080p.H265.mp4;Philadelphia.1993.REMASTERED.1080p.BluRay.H264.AAC-LAMA[TGx];/mnt/Media/filmes/OLD/Philadelphia.1993.REMASTERED.1080p.BluRay.H264.AAC-LAMA[TGx]/Philadelphia.1993.REMASTERED.1080p.BluRay.H264.AAC-LAMA.mp4
NAO;2432,51;Star.Wars.Episode.IV.A.New.Hope.1977.PROPER.1080p.BluRay.H264.AAC-RARBG.mkv;Star.Wars.Episode.IV.A.New.Hope.1977.1080p.H265.mkv;Star.Wars.Episode.IV.A.New.Hope.1977.PROPER.1080p.BluRay.H264.AAC-RARBG;/mnt/Media/filmes/Franquias/StarWars/Star.Wars.Episode.IV.A.New.Hope.1977.PROPER.1080p.BluRay.H264.AAC-RARBG/Star.Wars.Episode.IV.A.New.Hope.1977.PROPER.1080p.BluRay.H264.AAC-RARBG.mkv
NAO;2411,30;Captain.Marvel.2019.1080p.WEBRip.x264-RARBG.mkv;Captain.Marvel.2019.1080p.H265.mkv;Captain.Marvel.2019.1080p.WEBRip.x264-RARBG;/mnt/Media/filmes/Franquias/Marvel-DC/Captain.Marvel.2019.1080p.WEBRip.x264-RARBG/Captain.Marvel.2019.1080p.WEBRip.x264-RARBG.mkv
NAO;2377,24;Alita.Battle.Angel.2019.1080p.BluRay.H264.AAC-RARBG.mkv;Alita.Battle.Angel.2019.1080p.H265.mkv;Alita.Battle.Angel.2019.1080p.BluRay.H264.AAC-RARBG;/mnt/Media/filmes/2019/Alita.Battle.Angel.2019.1080p.BluRay.H264.AAC-RARBG/Alita.Battle.Angel.2019.1080p.BluRay.H264.AAC-RARBG.mkv
NAO;2366,77;Remo.Williams.The.Adventure.Begins.1985.ARROW.1080p.BluRay.H264.AAC-RARBG.mp4;Remo.Williams.The.Adventure.Begins.1985.1080p.H265.mp4;Remo.Williams.The.Adventure.Begins.1985.ARROW.1080p.BluRay.H264.AAC-RARBG;/mnt/Media/filmes/OLD/Remo.Williams.The.Adventure.Begins.1985.ARROW.1080p.BluRay.H264.AAC-RARBG/Remo.Williams.The.Adventure.Begins.1985.ARROW.1080p.BluRay.H264.AAC-RARBG.mp4
NAO;2366,61;Everest.2015.1080p.BluRay.H264.AAC-RARBG.mp4;Everest.2015.1080p.H265.mp4;Everest.2015.1080p.BluRay.H264.AAC-RARBG;/mnt/Media/filmes/Franquias/escalada/Everest.2015.1080p.BluRay.H264.AAC-RARBG/Everest.2015.1080p.BluRay.H264.AAC-RARBG.mp4
NAO;2362,14;Spiderman.2002.REMASTERED.1080p.BluRay.H264.AAC-RARBG.mkv;Spiderman.2002.1080p.H265.mkv;Spiderman.2002.REMASTERED.1080p.BluRay.H264.AAC-RARBG;/mnt/Media/filmes/Franquias/Marvel-DC/Spiderman.2002.REMASTERED.1080p.BluRay.H264.AAC-RARBG/Spiderman.2002.REMASTERED.1080p.BluRay.H264.AAC-RARBG.mkv
NAO;2358,77;Hellboy.2019.1080p.WEBRip.x264-RARBG.mkv;Hellboy.2019.1080p.H265.mkv;Hellboy.2019.1080p.WEBRip.x264-RARBG;/mnt/Media/filmes/Franquias/Marvel-DC/Hellboy.2019.1080p.WEBRip.x264-RARBG/Hellboy.2019.1080p.WEBRip.x264-RARBG.mkv
NAO;2346,16;71.Into.The.Fire.2010.KOREAN.1080p.BluRay.H264.AAC-VXT.mkv;71.Into.The.Fire.2010.1080p.H265.mkv;71.Into.The.Fire.2010.KOREAN.1080p.BluRay.H264.AAC-VXT;/mnt/Media/filmes/Asian/71.Into.The.Fire.2010.KOREAN.1080p.BluRay.H264.AAC-VXT/71.Into.The.Fire.2010.KOREAN.1080p.BluRay.H264.AAC-VXT.mkv
NAO;2337,51;The.Host.2006.KOREAN.1080p.BluRay.H264.AAC-VXT.mkv;The.Host.2006.1080p.H265.mkv;The.Host.2006.KOREAN.1080p.BluRay.H264.AAC-VXT;/mnt/Media/filmes/Asian/The.Host.2006.KOREAN.1080p.BluRay.H264.AAC-VXT/The.Host.2006.KOREAN.1080p.BluRay.H264.AAC-VXT.mkv
NAO;2337,23;The.Bricklayer.2023.1080p.WebRip.X264.Will1869.mp4;The.Bricklayer.2023.1080p.H265.mp4;The.Bricklayer.2023.1080p.WebRip.X264.Will1869;/mnt/Media/filmes/2023/The.Bricklayer.2023.1080p.WebRip.X264.Will1869/The.Bricklayer.2023.1080p.WebRip.X264.Will1869.mp4
NAO;2327,46;A.Girl.At.My.Door.2014.KOREAN.1080p.BluRay.H264.AAC-VXT.mkv;A.Girl.At.My.Door.2014.1080p.H265.mkv;A.Girl.At.My.Door.2014.KOREAN.1080p.BluRay.H264.AAC-VXT;/mnt/Media/filmes/Asian/A.Girl.At.My.Door.2014.KOREAN.1080p.BluRay.H264.AAC-VXT/A.Girl.At.My.Door.2014.KOREAN.1080p.BluRay.H264.AAC-VXT.mkv
NAO;2314,20;American Ultra 2015 BluRay 1080p.H264 Ita Eng AC3 5.1 Sub Ita Eng MIRCrew.mkv;American.Ultra.2015.1080p.H265.mkv;American Ultra 2015 BluRay 1080p.H264 Ita Eng AC3 5.1 Sub Ita Eng MIRCrew;/mnt/Media/filmes/American Ultra 2015 BluRay 1080p.H264 Ita Eng AC3 5.1 Sub Ita Eng MIRCrew/American Ultra 2015 BluRay 1080p.H264 Ita Eng AC3 5.1 Sub Ita Eng MIRCrew.mkv
NAO;2289,71;Robocop.2014.1080p.BluRay.H264.AAC-RARBG.mkv;Robocop.2014.1080p.H265.mkv;Robocop.2014.1080p.BluRay.H264.AAC-RARBG;/mnt/Media/filmes/OLD/Robocop.2014.1080p.BluRay.H264.AAC-RARBG/Robocop.2014.1080p.BluRay.H264.AAC-RARBG.mkv
NAO;2268,68;Air.Doll.2009.JAPANESE.1080p.BluRay.H264.AAC-VXT.mkv;Air.Doll.2009.1080p.H265.mkv;Air.Doll.2009.JAPANESE.1080p.BluRay.H264.AAC-VXT;/mnt/Media/filmes/Asian/Air.Doll.2009.JAPANESE.1080p.BluRay.H264.AAC-VXT/Air.Doll.2009.JAPANESE.1080p.BluRay.H264.AAC-VXT.mkv
NAO;2268,55;The.Post.2017.1080p.BluRay.H264.AAC-RARBG.mkv;The.Post.2017.1080p.H265.mkv;The.Post.2017.1080p.BluRay.H264.AAC-RARBG;/mnt/Media/filmes/2017/The.Post.2017.1080p.BluRay.H264.AAC-RARBG/The.Post.2017.1080p.BluRay.H264.AAC-RARBG.mkv
NAO;2265,56;Passengers.2016.1080p.BluRay.H264.AAC-RARBG.mkv;Passengers.2016.1080p.H265.mkv;Passengers.2016.1080p.BluRay.H264.AAC-RARBG;/mnt/Media/filmes/2016/Passengers.2016.1080p.BluRay.H264.AAC-RARBG/Passengers.2016.1080p.BluRay.H264.AAC-RARBG.mkv
NAO;2263,53;Kandahar.2023.1080p.WEBRip.x264.AAC5.1-LAMA.mp4;Kandahar.2023.1080p.H265.mp4;Kandahar (2023) 1080p WEBRip 5.1-LAMA;/mnt/Media/filmes/2023/Kandahar (2023) 1080p WEBRip 5.1-LAMA/Kandahar.2023.1080p.WEBRip.x264.AAC5.1-LAMA.mp4
NAO;2260,53;BlackBerry.2023.1080p.WEBRip.x264.AAC5.1-[YTS.MX].mp4;BlackBerry.2023.1080p.H265.mp4;2023;/mnt/Media/filmes/2023/BlackBerry.2023.1080p.WEBRip.x264.AAC5.1-[YTS.MX].mp4
NAO;2252,58;Assassins.Creed.2016.1080p.BluRay.H264.AAC-RARBG.mkv;Assassins.Creed.2016.1080p.H265.mkv;Assassins.Creed.2016.1080p.BluRay.H264.AAC-RARBG;/mnt/Media/filmes/2016/Assassins.Creed.2016.1080p.BluRay.H264.AAC-RARBG/Assassins.Creed.2016.1080p.BluRay.H264.AAC-RARBG.mkv
NAO;2247,61;Taken.3.2014.EXTENDED.1080p.BluRay.H264.AAC-RARBG.mkv;Taken.3.2014.1080p.H265.mkv;Taken.3.2014.EXTENDED.1080p.BluRay.H264.AAC-RARBG;/mnt/Media/filmes/Franquias/Taken/Taken.3.2014.EXTENDED.1080p.BluRay.H264.AAC-RARBG/Taken.3.2014.EXTENDED.1080p.BluRay.H264.AAC-RARBG.mkv
NAO;2245,97;Elite.Squad.The.Enemy.Within.2010.PORTUGUESE.1080p.BluRay.H264.AAC-VXT.mp4;Elite.Squad.The.Enemy.Within.2010.1080p.H265.mp4;Elite.Squad.The.Enemy.Within.2010.PORTUGUESE.1080p.BluRay.H264.AAC-VXT;/mnt/Media/filmes/OLD/Elite.Squad.The.Enemy.Within.2010.PORTUGUESE.1080p.BluRay.H264.AAC-VXT/Elite.Squad.The.Enemy.Within.2010.PORTUGUESE.1080p.BluRay.H264.AAC-VXT.mp4
NAO;2245,97;Elite.Squad.The.Enemy.Within.2010.PORTUGUESE.1080p.BluRay.H264.AAC-VXT.mp4;Elite.Squad.The.Enemy.Within.2010.1080p.H265.mp4;Elite.Squad.The.Enemy.Within.2010.PORTUGUESE.1080p.BluRay.H264.AAC-VXT;/mnt/Media/filmes/Elite.Squad.The.Enemy.Within.2010.PORTUGUESE.1080p.BluRay.H264.AAC-VXT/Elite.Squad.The.Enemy.Within.2010.PORTUGUESE.1080p.BluRay.H264.AAC-VXT.mp4
NAO;2239,05;Elite.Squad.2007.PORTUGUESE.1080p.BluRay.H264.AAC-VXT.mp4;Elite.Squad.2007.1080p.H265.mp4;Elite.Squad.2007.PORTUGUESE.1080p.BluRay.H264.AAC-VXT;/mnt/Media/filmes/Elite.Squad.2007.PORTUGUESE.1080p.BluRay.H264.AAC-VXT/Elite.Squad.2007.PORTUGUESE.1080p.BluRay.H264.AAC-VXT.mp4
NAO;2238,79;Life.as.We.Know.It.2010.1080p.BluRay.H264.AAC-RARBG.mp4;Life.as.We.Know.It.2010.1080p.H265.mp4;Life.as.We.Know.It.2010.1080p.BluRay.H264.AAC-RARBG;/mnt/Media/filmes/OLD/Life.as.We.Know.It.2010.1080p.BluRay.H264.AAC-RARBG/Life.as.We.Know.It.2010.1080p.BluRay.H264.AAC-RARBG.mp4
NAO;2233,23;The.Secret.Life.of.Walter.Mitty.2013.1080p.BluRay.H264.AAC-RARBG.mkv;The.Secret.Life.of.Walter.Mitty.2013.1080p.H265.mkv;The.Secret.Life.of.Walter.Mitty.2013.1080p.BluRay.H264.AAC-RARBG;/mnt/Media/filmes/OLD/The.Secret.Life.of.Walter.Mitty.2013.1080p.BluRay.H264.AAC-RARBG/The.Secret.Life.of.Walter.Mitty.2013.1080p.BluRay.H264.AAC-RARBG.mkv
NAO;2216,13;The.Debt.2010.1080p.BluRay.H264.AAC-RARBG.mp4;The.Debt.2010.1080p.H265.mp4;The.Debt.2010.1080p.BluRay.H264.AAC-RARBG;/mnt/Media/filmes/OLD/The.Debt.2010.1080p.BluRay.H264.AAC-RARBG/The.Debt.2010.1080p.BluRay.H264.AAC-RARBG.mp4
NAO;2213,18;Edge.of.Tomorrow.2014.1080p.BluRay.H264.AAC-RARBG.mkv;Edge.of.Tomorrow.2014.1080p.H265.mkv;Edge.of.Tomorrow.2014.1080p.BluRay.H264.AAC-RARBG;/mnt/Media/filmes/OLD/Edge.of.Tomorrow.2014.1080p.BluRay.H264.AAC-RARBG/Edge.of.Tomorrow.2014.1080p.BluRay.H264.AAC-RARBG.mkv
NAO;2209,31;Bleeding.Steel.2017.1080p.HC.WEBRip.x264.AAC2.0-SHITBOX.mp4;Bleeding.Steel.2017.1080p.H265.mp4;Bleeding.Steel.2017.1080p.HC.WEBRip.x264.AAC2.0-SHITBOX;/mnt/Media/filmes/2017/Bleeding.Steel.2017.1080p.HC.WEBRip.x264.AAC2.0-SHITBOX/Bleeding.Steel.2017.1080p.HC.WEBRip.x264.AAC2.0-SHITBOX.mp4
NAO;2205,54;Godzilla.vs.Kong.2021.1080p.BluRay.H264.AAC-RARBG.mkv;Godzilla.vs.Kong.2021.1080p.H265.mkv;Godzilla.vs.Kong.2021.1080p.BluRay.H264.AAC-RARBG;/mnt/Media/filmes/Franquias/Godzilla/Godzilla.vs.Kong.2021.1080p.BluRay.H264.AAC-RARBG/Godzilla.vs.Kong.2021.1080p.BluRay.H264.AAC-RARBG.mkv
NAO;2204,03;Prisoners - Hugh Jackman Mystery 2013 Eng Rus Multi Subs 720p [H264-mp4].mp4;Prisoners.2013.720p.H265.mp4;Prisoners - Hugh Jackman Mystery 2013 Eng Rus Multi Subs 720p [H264-mp4];/mnt/Media/filmes/OLD/Prisoners - Hugh Jackman Mystery 2013 Eng Rus Multi Subs 720p [H264-mp4]/Prisoners - Hugh Jackman Mystery 2013 Eng Rus Multi Subs 720p [H264-mp4].mp4
NAO;2200,75;Elemental 2023 V3 Dual Audio 1080p HDTS X264 Will1869.mp4;Elemental.2023.1080p.H265.mp4;Elemental 2023 V3 Dual Audio 1080p HDTS X264 Will1869;/mnt/Media/filmes/2023/Elemental 2023 V3 Dual Audio 1080p HDTS X264 Will1869/Elemental 2023 V3 Dual Audio 1080p HDTS X264 Will1869.mp4
NAO;2179,54;The.Captive.2014.1080p.BluRay.H264.AAC-RARBG.mkv;The.Captive.2014.1080p.H265.mkv;The.Captive.2014.1080p.BluRay.H264.AAC-RARBG;/mnt/Media/filmes/OLD/The.Captive.2014.1080p.BluRay.H264.AAC-RARBG/The.Captive.2014.1080p.BluRay.H264.AAC-RARBG.mkv
NAO;2177,46;Tokyo.2008.JAPANESE.1080p.BluRay.H264.AAC-VXT.mkv;Tokyo.2008.1080p.H265.mkv;Tokyo.2008.JAPANESE.1080p.BluRay.H264.AAC-VXT;/mnt/Media/filmes/Asian/Tokyo.2008.JAPANESE.1080p.BluRay.H264.AAC-VXT/Tokyo.2008.JAPANESE.1080p.BluRay.H264.AAC-VXT.mkv
NAO;2158,30;The.Flash.2023.1080p.WEBRip.DD5.1.x264-GalaxyRG.mkv;The.Flash.2023.1080p.H265.mkv;The.Flash.2023.1080p.WEBRip.DD5.1.x264-GalaxyRG[TGx];/mnt/Media/filmes/2023/The.Flash.2023.1080p.WEBRip.DD5.1.x264-GalaxyRG[TGx]/The.Flash.2023.1080p.WEBRip.DD5.1.x264-GalaxyRG.mkv
NAO;2132,42;The.Devil.Wears.Prada.2006.1080p.BluRay.H264.AAC-RARBG.mkv;The.Devil.Wears.Prada.2006.1080p.H265.mkv;The.Devil.Wears.Prada.2006.1080p.BluRay.H264.AAC-RARBG;/mnt/Media/filmes/OLD/The.Devil.Wears.Prada.2006.1080p.BluRay.H264.AAC-RARBG/The.Devil.Wears.Prada.2006.1080p.BluRay.H264.AAC-RARBG.mkv
NAO;2129,43;Law.Abiding.Citizen.2009.REMASTERED.1080p.BluRay.H264.AAC-RARBG.mkv;Law.Abiding.Citizen.2009.1080p.H265.mkv;Law.Abiding.Citizen.2009.REMASTERED.1080p.BluRay.H264.AAC-RARBG;/mnt/Media/filmes/OLD/Law.Abiding.Citizen.2009.REMASTERED.1080p.BluRay.H264.AAC-RARBG/Law.Abiding.Citizen.2009.REMASTERED.1080p.BluRay.H264.AAC-RARBG.mkv
NAO;2127,89;Knights.Of.The.Zodiac.2023.1080p.WEBRip.x264.AAC5.1-LAMA.mp4;Knights.Of.The.Zodiac.2023.1080p.H265.mp4;Knights Of The Zodiac (2023) 1080p WEBRip 5.1-LAMA;/mnt/Media/filmes/2023/Knights Of The Zodiac (2023) 1080p WEBRip 5.1-LAMA/Knights.Of.The.Zodiac.2023.1080p.WEBRip.x264.AAC5.1-LAMA.mp4
NAO;2126,85;Terminator.3.Rise.of.the.Machines.2003.1080p.BluRay.H264.AAC-RARBG.mkv;Terminator.3.Rise.of.the.Machines.2003.1080p.H265.mkv;Terminator.3.Rise.of.the.Machines.2003.1080p.BluRay.H264.AAC-RARBG;/mnt/Media/filmes/Franquias/Terminator/Terminator.3.Rise.of.the.Machines.2003.1080p.BluRay.H264.AAC-RARBG/Terminator.3.Rise.of.the.Machines.2003.1080p.BluRay.H264.AAC-RARBG.mkv
NAO;2105,07;Predator.2.1990.REMASTERED.1080p.BluRay.H264.AAC-RARBG.mkv;Predator.2.1990.1080p.H265.mkv;Predator.2.1990.REMASTERED.1080p.BluRay.H264.AAC-RARBG;/mnt/Media/filmes/Franquias/Predator/Predator.2.1990.REMASTERED.1080p.BluRay.H264.AAC-RARBG/Predator.2.1990.REMASTERED.1080p.BluRay.H264.AAC-RARBG.mkv
NAO;2099,21;Skiptrace.2016.1080p.BluRay.H264.AAC-RARBG.mkv;Skiptrace.2016.1080p.H265.mkv;Skiptrace.2016.1080p.BluRay.H264.AAC-RARBG;/mnt/Media/filmes/2016/Skiptrace.2016.1080p.BluRay.H264.AAC-RARBG/Skiptrace.2016.1080p.BluRay.H264.AAC-RARBG.mkv
NAO;2098,15;X-Men.Origins.Wolverine.2009.1080p.BluRay.H264.AAC-RARBG.mp4;X-Men.Origins.Wolverine.2009.1080p.H265.mp4;X-Men.Origins.Wolverine.2009.1080p.BluRay.H264.AAC-RARBG;/mnt/Media/filmes/Franquias/Marvel-DC/X-Men/X-Men.Origins.Wolverine.2009.1080p.BluRay.H264.AAC-RARBG/X-Men.Origins.Wolverine.2009.1080p.BluRay.H264.AAC-RARBG.mp4
NAO;2098,11;Hacker.2016.1080p.BluRay.H264.AAC-RARBG.mkv;Hacker.2016.1080p.H265.mkv;Hacker.2016.1080p.BluRay.H264.AAC-RARBG;/mnt/Media/filmes/2016/Hacker.2016.1080p.BluRay.H264.AAC-RARBG/Hacker.2016.1080p.BluRay.H264.AAC-RARBG.mkv
NAO;2097,95;Raya.and.the.Last.Dragon.2021.1080p.WEBRip.x264-RARBG.mp4;Raya.and.the.Last.Dragon.2021.1080p.H265.mp4;Raya.and.the.Last.Dragon.2021.1080p.WEBRip.x264-RARBG;/mnt/Media/filmes/2021/Raya.and.the.Last.Dragon.2021.1080p.WEBRip.x264-RARBG/Raya.and.the.Last.Dragon.2021.1080p.WEBRip.x264-RARBG.mp4
NAO;2095,62;Raya.and.the.Last.Dragon.2021.1080p.WEBRip.x264-RARBG.mkv;Raya.and.the.Last.Dragon.2021.1080p.H265.mkv;Raya.and.the.Last.Dragon.2021.1080p.WEBRip.x264-RARBG;/mnt/Media/filmes/2021/Raya.and.the.Last.Dragon.2021.1080p.WEBRip.x264-RARBG/Raya.and.the.Last.Dragon.2021.1080p.WEBRip.x264-RARBG.mkv
NAO;2095,42;The.Housemaid.2010.KOREAN.1080p.BluRay.H264.AAC-VXT.mp4;The.Housemaid.2010.1080p.H265.mp4;The.Housemaid.2010.KOREAN.1080p.BluRay.H264.AAC-VXT;/mnt/Media/filmes/OLD/The.Housemaid.2010.KOREAN.1080p.BluRay.H264.AAC-VXT/The.Housemaid.2010.KOREAN.1080p.BluRay.H264.AAC-VXT.mp4
NAO;2086,68;Miss.and.Mrs.Cops.2019.KOREAN.1080p.BluRay.H264.AAC-VXT.mkv;Miss.and.Mrs.Cops.2019.1080p.H265.mkv;Miss.and.Mrs.Cops.2019.KOREAN.1080p.BluRay.H264.AAC-VXT;/mnt/Media/filmes/Asian/Miss.and.Mrs.Cops.2019.KOREAN.1080p.BluRay.H264.AAC-VXT/Miss.and.Mrs.Cops.2019.KOREAN.1080p.BluRay.H264.AAC-VXT.mkv
NAO;2086,27;The.Terminator.1984.REMASTERED.1080p.BluRay.H264.AAC-RARBG.mkv;The.Terminator.1984.1080p.H265.mkv;The.Terminator.1984.REMASTERED.1080p.BluRay.H264.AAC-RARBG;/mnt/Media/filmes/Franquias/Terminator/The.Terminator.1984.REMASTERED.1080p.BluRay.H264.AAC-RARBG/The.Terminator.1984.REMASTERED.1080p.BluRay.H264.AAC-RARBG.mkv
NAO;2076,64;Predator.1987.NEW.REMASTERED.1080p.BluRay.H264.AAC-RARBG.mkv;Predator.1987.1080p.H265.mkv;Predator.1987.NEW.REMASTERED.1080p.BluRay.H264.AAC-RARBG;/mnt/Media/filmes/Franquias/Predator/Predator.1987.NEW.REMASTERED.1080p.BluRay.H264.AAC-RARBG/Predator.1987.NEW.REMASTERED.1080p.BluRay.H264.AAC-RARBG.mkv
NAO;2076,02;Cold.Skin.2017.1080p.BluRay.H264.AAC-RARBG.mp4;Cold.Skin.2017.1080p.H265.mp4;Cold.Skin.2017.1080p.BluRay.H264.AAC-RARBG;/mnt/Media/filmes/2017/Cold.Skin.2017.1080p.BluRay.H264.AAC-RARBG/Cold.Skin.2017.1080p.BluRay.H264.AAC-RARBG.mp4
NAO;2075,21;Contagion.2011.1080p.BluRay.H264.AAC-RARBG.mkv;Contagion.2011.1080p.H265.mkv;Contagion.2011.1080p.BluRay.H264.AAC-RARBG;/mnt/Media/filmes/OLD/Contagion.2011.1080p.BluRay.H264.AAC-RARBG/Contagion.2011.1080p.BluRay.H264.AAC-RARBG.mkv
NAO;2074,54;Infinite.2021.1080p.WEBRip.x264-RARBG.mp4;Infinite.2021.1080p.H265.mp4;Infinite.2021.1080p.WEBRip.x264-RARBG;/mnt/Media/filmes/2021/Infinite.2021.1080p.WEBRip.x264-RARBG/Infinite.2021.1080p.WEBRip.x264-RARBG.mp4
NAO;2072,26;Infinite.2021.1080p.WEBRip.x264-RARBG.mkv;Infinite.2021.1080p.H265.mkv;Infinite.2021.1080p.WEBRip.x264-RARBG;/mnt/Media/filmes/2021/Infinite.2021.1080p.WEBRip.x264-RARBG/Infinite.2021.1080p.WEBRip.x264-RARBG.mkv
NAO;2063,35;Think.Like.A.Man.Too.2014.1080p.BluRay.H264.AAC-RARBG.mkv;Think.Like.A.Man.Too.2014.1080p.H265.mkv;Think.Like.A.Man.Too.2014.1080p.BluRay.H264.AAC-RARBG;/mnt/Media/filmes/OLD/Think.Like.A.Man.Too.2014.1080p.BluRay.H264.AAC-RARBG/Think.Like.A.Man.Too.2014.1080p.BluRay.H264.AAC-RARBG.mkv
NAO;2034,07;Rogue.Trader.1999.DVDRip.(AVC).mkv;Rogue.Trader.1999.480p.H265.mkv;Rouge Trader;/mnt/Media/filmes/OLD/Rouge Trader/Rogue.Trader.1999.DVDRip.(AVC).mkv
NAO;2033,04;The.Protege.2021.1080p.WEBRip.x264-RARBG.mp4;The.Protege.2021.1080p.H265.mp4;The.Protege.2021.1080p.WEBRip.x264-RARBG;/mnt/Media/filmes/2021/The.Protege.2021.1080p.WEBRip.x264-RARBG/The.Protege.2021.1080p.WEBRip.x264-RARBG.mp4
NAO;2032,12;Get.Out.2017.1080p.BluRay.H264.AAC-RARBG.mp4;Get.Out.2017.1080p.H265.mp4;Get.Out.2017.1080p.BluRay.H264.AAC-RARBG;/mnt/Media/filmes/2017/Get.Out.2017.1080p.BluRay.H264.AAC-RARBG/Get.Out.2017.1080p.BluRay.H264.AAC-RARBG.mp4
NAO;2029,48;Doubt.2008.1080p.BluRay.H264.AAC-RARBG.mp4;Doubt.2008.1080p.H265.mp4;Doubt.2008.1080p.BluRay.H264.AAC-RARBG;/mnt/Media/filmes/OLD/Doubt.2008.1080p.BluRay.H264.AAC-RARBG/Doubt.2008.1080p.BluRay.H264.AAC-RARBG.mp4
NAO;2003,89;05 I Spit On Your Grave 4 Deja Vu - Horror 2019 Eng Subs 720p [H264-mp4].mp4;05.I.Spit.On.Your.Grave.4.Deja.Vu.2019.720p.H265.mp4;I Spit On Your Grave 5 Film Collection;/mnt/Media/filmes/Franquias/I Spit On Your Grave - Complete 5 Movie Collection 1978-2019 Eng Subs 720p [H264-mp4]/I Spit On Your Grave 5 Film Collection/05 I Spit On Your Grave 4 Deja Vu - Horror 2019 Eng Subs 720p [H264-mp4].mp4
NAO;2000,05;A.Fantastic.Woman.2017.HD1080P.X264.AAC.Spanish.CHS.mkv;A.Fantastic.Woman.2017.1080p.H265.mkv;A fantastic Woman;/mnt/Media/filmes/2017/A fantastic Woman/A.Fantastic.Woman.2017.HD1080P.X264.AAC.Spanish.CHS.mkv
NAO;1992,25;Hancock.2008.EXTENDED.CUT.1080p.BluRay.H264.AAC-RARBG.mkv;Hancock.2008.1080p.H265.mkv;Hancock.2008.EXTENDED.CUT.1080p.BluRay.H264.AAC-RARBG;/mnt/Media/filmes/OLD/Hancock.2008.EXTENDED.CUT.1080p.BluRay.H264.AAC-RARBG/Hancock.2008.EXTENDED.CUT.1080p.BluRay.H264.AAC-RARBG.mkv
NAO;1988,88;Peppermint.2018.1080p.BluRay.H264.AAC-RARBG.mkv;Peppermint.2018.1080p.H265.mkv;Peppermint.2018.1080p.BluRay.H264.AAC-RARBG;/mnt/Media/filmes/2018/Peppermint.2018.1080p.BluRay.H264.AAC-RARBG/Peppermint.2018.1080p.BluRay.H264.AAC-RARBG.mkv
NAO;1983,57;Human.2017.1080p.AMZN.WEB-DL.DDP2.0.H.264-NTG.mkv;Human.2017.1080p.H265.mkv;Human.2017.1080p.AMZN.WEBRip.DDP2.0.x264-NTG;/mnt/Media/filmes/2017/Human.2017.1080p.AMZN.WEBRip.DDP2.0.x264-NTG/Human.2017.1080p.AMZN.WEB-DL.DDP2.0.H.264-NTG.mkv
NAO;1973,62;Conan.The.Destroyer.1984.1080p.BluRay.H264.AAC-RARBG.mkv;Conan.The.Destroyer.1984.1080p.H265.mkv;Conan.The.Destroyer.1984.1080p.BluRay.H264.AAC-RARBG;/mnt/Media/filmes/OLD/Conan.The.Destroyer.1984.1080p.BluRay.H264.AAC-RARBG/Conan.The.Destroyer.1984.1080p.BluRay.H264.AAC-RARBG.mkv
NAO;1973,16;Passion.2012.1080p.BluRay.H264.AAC-RARBG.mp4;Passion.2012.1080p.H265.mp4;Passion.2012.1080p.BluRay.H264.AAC-RARBG;/mnt/Media/filmes/OLD/Passion.2012.1080p.BluRay.H264.AAC-RARBG/Passion.2012.1080p.BluRay.H264.AAC-RARBG.mp4
NAO;1969,10;Boss.Level.2020.1080p.BluRay.H264.AAC-RARBG.mkv;Boss.Level.2020.1080p.H265.mkv;Boss.Level.2020.1080p.BluRay.H264.AAC-RARBG;/mnt/Media/filmes/2020/Boss.Level.2020.1080p.BluRay.H264.AAC-RARBG/Boss.Level.2020.1080p.BluRay.H264.AAC-RARBG.mkv
NAO;1968,41;The.Animatrix.2003.1080p.BluRay.H264.AAC-RARBG.mp4;The.Animatrix.2003.1080p.H265.mp4;The.Animatrix.2003.1080p.BluRay.H264.AAC-RARBG;/mnt/Media/filmes/Franquias/Matrix/The.Animatrix.2003.1080p.BluRay.H264.AAC-RARBG/The.Animatrix.2003.1080p.BluRay.H264.AAC-RARBG.mp4
NAO;1960,77;Highlander.Endgame.2000.1080p.BluRay.H264.AAC-RARBG.mkv;Highlander.Endgame.2000.1080p.H265.mkv;Highlander.Endgame.2000.1080p.BluRay.H264.AAC-RARBG;/mnt/Media/filmes/Franquias/Highlander/Highlander.Endgame.2000.1080p.BluRay.H264.AAC-RARBG/Highlander.Endgame.2000.1080p.BluRay.H264.AAC-RARBG.mkv
NAO;1950,50;Beyond.the.Edge.2013.1080p.BluRay.H264.AAC-RARBG.mp4;Beyond.the.Edge.2013.1080p.H265.mp4;Beyond.the.Edge.2013.1080p.BluRay.H264.AAC-RARBG;/mnt/Media/filmes/OLD/Beyond.the.Edge.2013.1080p.BluRay.H264.AAC-RARBG/Beyond.the.Edge.2013.1080p.BluRay.H264.AAC-RARBG.mp4
NAO;1945,17;Due Date.mp4;Due.Date.720p.H265.mp4;Due Date 2010 720p BRRip x264-HDLiTE;/mnt/Media/filmes/OLD/Due Date 2010 720p BRRip x264-HDLiTE/Due Date.mp4
NAO;1940,90;Prey.2022.PROPER.1080p.WEBRip.x264-RARBG.mp4;Prey.2022.1080p.H265.mp4;Prey.2022.PROPER.1080p.WEBRip.x264-RARBG;/mnt/Media/filmes/Franquias/Predator/Prey.2022.PROPER.1080p.WEBRip.x264-RARBG/Prey.2022.PROPER.1080p.WEBRip.x264-RARBG.mp4
NAO;1930,33;Zombieland.Double.Tap.2019.1080p.BluRay.H264.AAC-RARBG.mkv;Zombieland.Double.Tap.2019.1080p.H265.mkv;Zombieland.Double.Tap.2019.1080p.BluRay.H264.AAC-RARBG;/mnt/Media/filmes/2019/Zombieland.Double.Tap.2019.1080p.BluRay.H264.AAC-RARBG/Zombieland.Double.Tap.2019.1080p.BluRay.H264.AAC-RARBG.mkv
NAO;1919,69;Honest.Thief.2020.1080p.BluRay.H264.AAC-RARBG.mkv;Honest.Thief.2020.1080p.H265.mkv;Honest.Thief.2020.1080p.BluRay.H264.AAC-RARBG;/mnt/Media/filmes/2020/Honest.Thief.2020.1080p.BluRay.H264.AAC-RARBG/Honest.Thief.2020.1080p.BluRay.H264.AAC-RARBG.mkv
NAO;1918,41;The.Contractor.2007.1080p.BluRay.H264.AAC-RARBG.mkv;The.Contractor.2007.1080p.H265.mkv;The.Contractor.2007.1080p.BluRay.H264.AAC-RARBG;/mnt/Media/filmes/OLD/The.Contractor.2007.1080p.BluRay.H264.AAC-RARBG/The.Contractor.2007.1080p.BluRay.H264.AAC-RARBG.mkv
NAO;1915,66;Taken.2.2012.UNRATED.EXTENDED.1080p.BluRay.H264.AAC-RARBG.mkv;Taken.2.2012.1080p.H265.mkv;Taken.2.2012.UNRATED.EXTENDED.1080p.BluRay.H264.AAC-RARBG;/mnt/Media/filmes/Franquias/Taken/Taken.2.2012.UNRATED.EXTENDED.1080p.BluRay.H264.AAC-RARBG/Taken.2.2012.UNRATED.EXTENDED.1080p.BluRay.H264.AAC-RARBG.mkv
NAO;1908,57;Men.In.Black.1997.REMASTERED.1080p.BluRay.H264.AAC-RARBG.mkv;Men.In.Black.1997.1080p.H265.mkv;Men.In.Black.1997.REMASTERED.1080p.BluRay.H264.AAC-RARBG;/mnt/Media/filmes/OLD/Men.In.Black.1997.REMASTERED.1080p.BluRay.H264.AAC-RARBG/Men.In.Black.1997.REMASTERED.1080p.BluRay.H264.AAC-RARBG.mkv
NAO;1894,02;Arrival.2016.DVDScr.XVID.AC3.HQ.Hive-CM8.avi;Arrival.2016.480p.H265.avi;Arrival.2016.DVDScr.XVID.AC3.HQ.Hive-CM8[oscars];/mnt/Media/filmes/2016/Arrival.2016.DVDScr.XVID.AC3.HQ.Hive-CM8[oscars]/Arrival.2016.DVDScr.XVID.AC3.HQ.Hive-CM8.avi
NAO;1873,95;R.I.P.D.2013.1080p.BluRay.H264.AAC-RARBG.mp4;R.I.P.D..2013.1080p.H265.mp4;R.I.P.D.2013.1080p.BluRay.H264.AAC-RARBG;/mnt/Media/filmes/OLD/R.I.P.D.2013.1080p.BluRay.H264.AAC-RARBG/R.I.P.D.2013.1080p.BluRay.H264.AAC-RARBG.mp4
NAO;1873,82;The.Ugly.Truth.2009.1080p.BluRay.H264.AAC-RARBG.mp4;The.Ugly.Truth.2009.1080p.H265.mp4;The.Ugly.Truth.2009.1080p.BluRay.H264.AAC-RARBG;/mnt/Media/filmes/OLD/The.Ugly.Truth.2009.1080p.BluRay.H264.AAC-RARBG/The.Ugly.Truth.2009.1080p.BluRay.H264.AAC-RARBG.mp4
NAO;1872,94;MFADGTL.mp4;MFADGTL.1080p.H265.mp4;OLD;/mnt/Media/filmes/OLD/MFADGTL.mp4
NAO;1871,34;Hitman.Agent.47.2015.1080p.BluRay.H264.AAC-RARBG.mkv;Hitman.Agent.47.2015.1080p.H265.mkv;Hitman.Agent.47.2015.1080p.BluRay.H264.AAC-RARBG;/mnt/Media/filmes/Hitman.Agent.47.2015.1080p.BluRay.H264.AAC-RARBG/Hitman.Agent.47.2015.1080p.BluRay.H264.AAC-RARBG.mkv
NAO;1870,91;Sherpa.2015.1080p.BluRay.H264.AAC-RARBG.mp4;Sherpa.2015.1080p.H265.mp4;Sherpa.2015.1080p.BluRay.H264.AAC-RARBG;/mnt/Media/filmes/Franquias/escalada/Sherpa.2015.1080p.BluRay.H264.AAC-RARBG/Sherpa.2015.1080p.BluRay.H264.AAC-RARBG.mp4
NAO;1869,45;Simulant.2023.1080p.WEBRip.x264-RARBG.mp4;Simulant.2023.1080p.H265.mp4;Simulant.2023.1080p.WEBRip.x264-RARBG;/mnt/Media/filmes/2023/Simulant.2023.1080p.WEBRip.x264-RARBG/Simulant.2023.1080p.WEBRip.x264-RARBG.mp4
NAO;1834,51;Hitman.2007.1080p.BluRay.H264.AAC-RARBG.mkv;Hitman.2007.1080p.H265.mkv;Hitman.2007.1080p.BluRay.H264.AAC-RARBG;/mnt/Media/filmes/OLD/Hitman.2007.1080p.BluRay.H264.AAC-RARBG/Hitman.2007.1080p.BluRay.H264.AAC-RARBG.mkv
NAO;1826,78;Taken.2008.1080p.BluRay.H264.AAC-RARBG.mkv;Taken.2008.1080p.H265.mkv;Taken.2008.1080p.BluRay.H264.AAC-RARBG;/mnt/Media/filmes/Franquias/Taken/Taken.2008.1080p.BluRay.H264.AAC-RARBG/Taken.2008.1080p.BluRay.H264.AAC-RARBG.mkv
NAO;1820,93;Rambo.First.Blood.1982.REMASTERED.1080p.BluRay.H264.AAC-RARBG.mkv;Rambo.First.Blood.1982.1080p.H265.mkv;Rambo.First.Blood.1982.REMASTERED.1080p.BluRay.H264.AAC-RARBG;/mnt/Media/filmes/OLD/Rambo.First.Blood.1982.REMASTERED.1080p.BluRay.H264.AAC-RARBG/Rambo.First.Blood.1982.REMASTERED.1080p.BluRay.H264.AAC-RARBG.mkv
NAO;1796,36;Perfect.Sense.2011.1080p.BluRay.H264.AAC-RARBG.mp4;Perfect.Sense.2011.1080p.H265.mp4;Perfect.Sense.2011.1080p.BluRay.H264.AAC-RARBG;/mnt/Media/filmes/OLD/Perfect.Sense.2011.1080p.BluRay.H264.AAC-RARBG/Perfect.Sense.2011.1080p.BluRay.H264.AAC-RARBG.mp4
NAO;1790,76;The.Beyond.2017.1080p.WEBRip.x264-RARBG.mkv;The.Beyond.2017.1080p.H265.mkv;The.Beyond.2017.1080p.WEBRip.x264-RARBG;/mnt/Media/filmes/2017/The.Beyond.2017.1080p.WEBRip.x264-RARBG/The.Beyond.2017.1080p.WEBRip.x264-RARBG.mkv
NAO;1785,95;The Last Airbender.mp4;The.Last.Airbender.720p.H265.mp4;The Last Airbender 2010 720p BRRip x264-HDLiTE;/mnt/Media/filmes/OLD/The Last Airbender 2010 720p BRRip x264-HDLiTE/The Last Airbender.mp4
NAO;1780,04;Cold.Blood.Legacy.2019.1080p.WEBRip.x264-RARBG.mkv;Cold.Blood.Legacy.2019.1080p.H265.mkv;Cold.Blood.Legacy.2019.1080p.WEBRip.x264-RARBG;/mnt/Media/filmes/2019/Cold.Blood.Legacy.2019.1080p.WEBRip.x264-RARBG/Cold.Blood.Legacy.2019.1080p.WEBRip.x264-RARBG.mkv
NAO;1751,65;The.Shape.of.Water.2017.DVDScr.XVID.AC3.HQ.Hive-CM8.avi;The.Shape.of.Water.2017.480p.H265.avi;The.Shape.of.Water.2017.DVDScr.XVID.AC3.HQ.Hive-CM8[oscars];/mnt/Media/filmes/2017/The.Shape.of.Water.2017.DVDScr.XVID.AC3.HQ.Hive-CM8[oscars]/The.Shape.of.Water.2017.DVDScr.XVID.AC3.HQ.Hive-CM8.avi
NAO;1728,13;Nobody.2021.1080p.WEBRip.x264.AAC5.1-[YTS.MX].mkv;Nobody.2021.1080p.H265.mkv;Nobody (2021) [1080p] [WEBRip] [5.1] [YTS.MX];/mnt/Media/filmes/2021/Nobody (2021) [1080p] [WEBRip] [5.1] [YTS.MX]/Nobody.2021.1080p.WEBRip.x264.AAC5.1-[YTS.MX].mkv
NAO;1721,04;Live.by.Night.2016.DVDScr.XVID.AC3.HQ.Hive-CM8.avi;Live.by.Night.2016.480p.H265.avi;Live.by.Night.2016.DVDScr.XVID.AC3.HQ.Hive-CM8[oscars];/mnt/Media/filmes/2016/Live.by.Night.2016.DVDScr.XVID.AC3.HQ.Hive-CM8[oscars]/Live.by.Night.2016.DVDScr.XVID.AC3.HQ.Hive-CM8.avi
NAO;1713,50;Attack.The.Block.2011.1080p.BluRay.H264.AAC-RARBG.mp4;Attack.The.Block.2011.1080p.H265.mp4;Attack.The.Block.2011.1080p.BluRay.H264.AAC-RARBG;/mnt/Media/filmes/OLD/Attack.The.Block.2011.1080p.BluRay.H264.AAC-RARBG/Attack.The.Block.2011.1080p.BluRay.H264.AAC-RARBG.mp4
NAO;1693,25;Doctor.Strange.2016.DVDScr.XVID.AC3.HQ.Hive-CM8.avi;Doctor.Strange.2016.480p.H265.avi;Dr.Strange.2016.DVDScr.XVID.AC3.HQ.Hive-CM8[oscars];/mnt/Media/filmes/Franquias/Marvel-DC/Dr.Strange.2016.DVDScr.XVID.AC3.HQ.Hive-CM8[oscars]/Doctor.Strange.2016.DVDScr.XVID.AC3.HQ.Hive-CM8.avi
NAO;1661,28;Black.Panther.2018.720p.BluRay.H264.AAC-RARBG.mkv;Black.Panther.2018.720p.H265.mkv;Black.Panther.2018.720p.BluRay.H264.AAC-RARBG;/mnt/Media/filmes/Franquias/Marvel-DC/Black.Panther.2018.720p.BluRay.H264.AAC-RARBG/Black.Panther.2018.720p.BluRay.H264.AAC-RARBG.mkv
NAO;1647,68;Limitless 2011 480p BRRip XviD (avi) [TFRG].avi;Limitless.2011.480p.H265.avi;Limitless 2011 720p BRRip XviD (avi) [TFRG];/mnt/Media/filmes/OLD/Limitless 2011 720p BRRip XviD (avi) [TFRG]/Limitless 2011 480p BRRip XviD (avi) [TFRG].avi
NAO;1647,60;Killers.Of.The.Flower.Moon.2023.1080p.WEBRip.1600MB.DD5.1.x264-GalaxyRG.mkv;Killers.Of.The.Flower.Moon.2023.1080p.H265.mkv;Killers.Of.The.Flower.Moon.2023.1080p.WEBRip.1600MB.DD5.1.x264-GalaxyRG[TGx];/mnt/Media/filmes/2023/Killers.Of.The.Flower.Moon.2023.1080p.WEBRip.1600MB.DD5.1.x264-GalaxyRG[TGx]/Killers.Of.The.Flower.Moon.2023.1080p.WEBRip.1600MB.DD5.1.x264-GalaxyRG.mkv
NAO;1645,40;Rebel.Moon.Part.One.A.Child.of.Fire.2023.1080p.NF.WEBRip.1600MB.DD5.1.x264-GalaxyRG.mkv;Rebel.Moon.2023.1080p.H265.mkv;Rebel.Moon.Part.One.A.Child.of.Fire.2023.1080p.NF.WEBRip.1600MB.DD5.1.x264-GalaxyRG[TGx];/mnt/Media/filmes/2023/Rebel.Moon.Part.One.A.Child.of.Fire.2023.1080p.NF.WEBRip.1600MB.DD5.1.x264-GalaxyRG[TGx]/Rebel.Moon.Part.One.A.Child.of.Fire.2023.1080p.NF.WEBRip.1600MB.DD5.1.x264-GalaxyRG.mkv
NAO;1645,13;Napoleon.2023.1080p.AMZN.WEBRip.1600MB.DD5.1.x264-GalaxyRG.mkv;Napoleon.2023.1080p.H265.mkv;Napoleon.2023.1080p.AMZN.WEBRip.1600MB.DD5.1.x264-GalaxyRG[TGx];/mnt/Media/filmes/2023/Napoleon.2023.1080p.AMZN.WEBRip.1600MB.DD5.1.x264-GalaxyRG[TGx]/Napoleon.2023.1080p.AMZN.WEBRip.1600MB.DD5.1.x264-GalaxyRG.mkv
NAO;1642,71;Indiana.Jones.and.the.Dial.of.Destiny.2023.1080p.WEBRip.1600MB.DD5.1.x264-GalaxyRG.mkv;Indiana.Jones.and.the.Dial.of.Destiny.2023.1080p.H265.mkv;Indiana.Jones.and.the.Dial.of.Destiny.2023.1080p.WEBRip.1600MB.DD5.1.x264-GalaxyRG[TGx];/mnt/Media/filmes/2023/Indiana.Jones.and.the.Dial.of.Destiny.2023.1080p.WEBRip.1600MB.DD5.1.x264-GalaxyRG[TGx]/Indiana.Jones.and.the.Dial.of.Destiny.2023.1080p.WEBRip.1600MB.DD5.1.x264-GalaxyRG.mkv
NAO;1604,98;Starship.Troopers.1997.720p.BluRay.H264.AAC-RARBG.mp4;Starship.Troopers.1997.720p.H265.mp4;Starship.Troopers.1997.720p.BluRay.H264.AAC-RARBG;/mnt/Media/filmes/OLD/Starship.Troopers.1997.720p.BluRay.H264.AAC-RARBG/Starship.Troopers.1997.720p.BluRay.H264.AAC-RARBG.mp4
NAO;1552,36;Terminator.Genisys.2015.720p.BluRay.H264.AAC-RARBG.mkv;Terminator.Genisys.2015.720p.H265.mkv;Terminator.Genisys.2015.720p.BluRay.H264.AAC-RARBG;/mnt/Media/filmes/Franquias/Terminator/Terminator.Genisys.2015.720p.BluRay.H264.AAC-RARBG/Terminator.Genisys.2015.720p.BluRay.H264.AAC-RARBG.mkv
NAO;1539,02;The.Adventures.of.Beatle.2015.1080p.BluRay.H264.AAC-RARBG.mp4;The.Adventures.of.Beatle.2015.1080p.H265.mp4;The.Adventures.of.Beatle.2015.1080p.BluRay.H264.AAC-RARBG;/mnt/Media/filmes/The.Adventures.of.Beatle.2015.1080p.BluRay.H264.AAC-RARBG/The.Adventures.of.Beatle.2015.1080p.BluRay.H264.AAC-RARBG.mp4
NAO;1535,95;The.Wind.Rises.2013.720p.BluRay.H264.AAC-RARBG.mp4;The.Wind.Rises.2013.720p.H265.mp4;The.Wind.Rises.2013.720p.BluRay.H264.AAC-RARBG;/mnt/Media/filmes/OLD/The.Wind.Rises.2013.720p.BluRay.H264.AAC-RARBG/The.Wind.Rises.2013.720p.BluRay.H264.AAC-RARBG.mp4
NAO;1517,63;The Girl With The Dragon Tattoo (2011)  R5 DD 5.1 XVID EXTERNE SUBS-TBS.avi;The.Girl.With.The.Dragon.Tattoo.2011.480p.H265.avi;Movie;/mnt/Media/filmes/Franquias/The_Girl_With_The_Dragon_Tatoo/The Girl With The Dragon Tatoo(2011)(R5)(1,5 GB)(nlubs-ext)(Xvid)-TBS/Movie/The Girl With The Dragon Tattoo (2011)  R5 DD 5.1 XVID EXTERNE SUBS-TBS.avi
NAO;1513,69;The.Brave.One.2007.720p.BluRay.H264.AAC-RARBG.mp4;The.Brave.One.2007.720p.H265.mp4;The.Brave.One.2007.720p.BluRay.H264.AAC-RARBG;/mnt/Media/filmes/The.Brave.One.2007.720p.BluRay.H264.AAC-RARBG/The.Brave.One.2007.720p.BluRay.H264.AAC-RARBG.mp4
NAO;1465,42;02 I Spit On Your Grave ReBoot - Horror 2010 Eng Subs 720p [H264-mp4].mp4;02.I.Spit.On.Your.Grave.ReBoot.2010.720p.H265.mp4;I Spit On Your Grave 5 Film Collection;/mnt/Media/filmes/Franquias/I Spit On Your Grave - Complete 5 Movie Collection 1978-2019 Eng Subs 720p [H264-mp4]/I Spit On Your Grave 5 Film Collection/02 I Spit On Your Grave ReBoot - Horror 2010 Eng Subs 720p [H264-mp4].mp4
NAO;1439,08;The.Killer.2023.1080p.NF.WEBRip.1400MB.DD5.1.x264-GalaxyRG.mkv;The.Killer.2023.1080p.H265.mkv;The.Killer.2023.1080p.NF.WEBRip.1400MB.DD5.1.x264-GalaxyRG[TGx];/mnt/Media/filmes/2023/The.Killer.2023.1080p.NF.WEBRip.1400MB.DD5.1.x264-GalaxyRG[TGx]/The.Killer.2023.1080p.NF.WEBRip.1400MB.DD5.1.x264-GalaxyRG.mkv
NAO;1438,53;The.Equalizer.3.2023.1080p.WEBRip.1400MB.DD5.1.x264-GalaxyRG.mkv;The.Equalizer.3.2023.1080p.H265.mkv;The.Equalizer.3.2023.1080p.WEBRip.1400MB.DD5.1.x264-GalaxyRG[TGx];/mnt/Media/filmes/2023/The.Equalizer.3.2023.1080p.WEBRip.1400MB.DD5.1.x264-GalaxyRG[TGx]/The.Equalizer.3.2023.1080p.WEBRip.1400MB.DD5.1.x264-GalaxyRG.mkv
NAO;1437,84;Blue.Beetle.2023.1080p.WEBRip.1400MB.DD5.1.x264-GalaxyRG.mkv;Blue.Beetle.2023.1080p.H265.mkv;2023;/mnt/Media/filmes/2023/Blue.Beetle.2023.1080p.WEBRip.1400MB.DD5.1.x264-GalaxyRG.mkv
NAO;1437,61;Finestkind.2023.1080p.AMZN.WEBRip.1400MB.DD5.1.x264-GalaxyRG.mkv;Finestkind.2023.1080p.H265.mkv;Finestkind.2023.1080p.AMZN.WEBRip.1400MB.DD5.1.x264-GalaxyRG[TGx];/mnt/Media/filmes/2023/Finestkind.2023.1080p.AMZN.WEBRip.1400MB.DD5.1.x264-GalaxyRG[TGx]/Finestkind.2023.1080p.AMZN.WEBRip.1400MB.DD5.1.x264-GalaxyRG.mkv
NAO;1437,33;In.The.Land.Of.Saints.And.Sinners.2023.1080p.WEBRip.1400MB.DD5.1.x264-GalaxyRG.mkv;In.The.Land.Of.Saints.And.Sinners.2023.1080p.H265.mkv;In.The.Land.Of.Saints.And.Sinners.2023.1080p.WEBRip.1400MB.DD5.1.x264-GalaxyRG[TGx];/mnt/Media/filmes/2023/In.The.Land.Of.Saints.And.Sinners.2023.1080p.WEBRip.1400MB.DD5.1.x264-GalaxyRG[TGx]/In.The.Land.Of.Saints.And.Sinners.2023.1080p.WEBRip.1400MB.DD5.1.x264-GalaxyRG.mkv
NAO;1436,94;Fast.Charlie.2023.1080p.AMZN.WEBRip.1400MB.DD5.1.x264-GalaxyRG.mkv;Fast.Charlie.2023.1080p.H265.mkv;Fast.Charlie.2023.1080p.AMZN.WEBRip.1400MB.DD5.1.x264-GalaxyRG[TGx];/mnt/Media/filmes/2023/Fast.Charlie.2023.1080p.AMZN.WEBRip.1400MB.DD5.1.x264-GalaxyRG[TGx]/Fast.Charlie.2023.1080p.AMZN.WEBRip.1400MB.DD5.1.x264-GalaxyRG.mkv
NAO;1436,81;Barbie.2023.1080p.iT.HC.WEBRip.1400MB.DD5.1.x264-GalaxyRG.mkv;Barbie.2023.1080p.H265.mkv;2023;/mnt/Media/filmes/2023/Barbie.2023.1080p.iT.HC.WEBRip.1400MB.DD5.1.x264-GalaxyRG.mkv
NAO;1436,62;Godzilla.x.Kong.The.New.Empire.2024.REPACK2.1080p.WEBRip.1400MB.DD5.1.x264-GalaxyRG.mkv;Godzilla.x.Kong.The.New.Empire.2024.1080p.H265.mkv;Godzilla.x.Kong.The.New.Empire.2024.REPACK2.1080p.WEBRip.1400MB.DD5.1.x264-GalaxyRG[TGx];/mnt/Media/filmes/Franquias/Godzilla/Godzilla.x.Kong.The.New.Empire.2024.REPACK2.1080p.WEBRip.1400MB.DD5.1.x264-GalaxyRG[TGx]/Godzilla.x.Kong.The.New.Empire.2024.REPACK2.1080p.WEBRip.1400MB.DD5.1.x264-GalaxyRG.mkv
NAO;1436,58;Freelance.2023.1080p.WEBRip.1400MB.DD5.1.x264-GalaxyRG.mkv;Freelance.2023.1080p.H265.mkv;Freelance.2023.1080p.WEBRip.1400MB.DD5.1.x264-GalaxyRG[TGx];/mnt/Media/filmes/2023/Freelance.2023.1080p.WEBRip.1400MB.DD5.1.x264-GalaxyRG[TGx]/Freelance.2023.1080p.WEBRip.1400MB.DD5.1.x264-GalaxyRG.mkv
NAO;1436,28;97.Minutes.2023.1080p.AMZN.WEBRip.1400MB.DD5.1.x264-GalaxyRG.mkv;97.Minutes.2023.1080p.H265.mkv;2023;/mnt/Media/filmes/2023/97.Minutes.2023.1080p.AMZN.WEBRip.1400MB.DD5.1.x264-GalaxyRG.mkv
NAO;1436,09;Silent.Night.2023.1080p.AMZN.WEBRip.1400MB.DD5.1.x264-GalaxyRG.mkv;Silent.Night.2023.1080p.H265.mkv;Silent.Night.2023.1080p.AMZN.WEBRip.1400MB.DD5.1.x264-GalaxyRG[TGx];/mnt/Media/filmes/2023/Silent.Night.2023.1080p.AMZN.WEBRip.1400MB.DD5.1.x264-GalaxyRG[TGx]/Silent.Night.2023.1080p.AMZN.WEBRip.1400MB.DD5.1.x264-GalaxyRG.mkv
NAO;1436,07;The.Beekeeper.2024.1080p.AMZN.WEBRip.1400MB.DD5.1.x264-GalaxyRG.mkv;The.Beekeeper.2024.1080p.H265.mkv;The.Beekeeper.2024.1080p.AMZN.WEBRip.1400MB.DD5.1.x264-GalaxyRG[TGx];/mnt/Media/filmes/The.Beekeeper.2024.1080p.AMZN.WEBRip.1400MB.DD5.1.x264-GalaxyRG[TGx]/The.Beekeeper.2024.1080p.AMZN.WEBRip.1400MB.DD5.1.x264-GalaxyRG.mkv
NAO;1434,42;03 I Spit On Your Grave 2 - Horror 2013 Eng Subs 720p [H264-mp4].mp4;03.I.Spit.On.Your.Grave.2.2013.720p.H265.mp4;I Spit On Your Grave 5 Film Collection;/mnt/Media/filmes/Franquias/I Spit On Your Grave - Complete 5 Movie Collection 1978-2019 Eng Subs 720p [H264-mp4]/I Spit On Your Grave 5 Film Collection/03 I Spit On Your Grave 2 - Horror 2013 Eng Subs 720p [H264-mp4].mp4
NAO;1411,05;L.Outsider.2016.FRENCH.BDRip.XViD-FUNKKY.avi;L.Outsider.2016.480p.H265.avi;l-outsider;/mnt/Media/filmes/OLD/l-outsider/L.Outsider.2016.FRENCH.BDRip.XViD-FUNKKY.avi
NAO;1408,30;EDRLZIRSINGLEG.mp4;EDRLZIRSINGLEG.1080p.H265.mp4;OLD;/mnt/Media/filmes/OLD/EDRLZIRSINGLEG.mp4
NAO;1392,66;Fantastic.Beasts.The.Secrets.of.Dumbledore.2022.KORSUB.HDRip.x264.AAC2.0-SHITBOX.mp4;Fantastic.Beasts.The.Secrets.of.Dumbledore.2022.480p.H265.mp4;Fantastic.Beasts.The.Secrets.of.Dumbledore.2022.KORSUB.HDRip.x264.AAC2.0-SHITBOX;/mnt/Media/filmes/2022/Fantastic.Beasts.The.Secrets.of.Dumbledore.2022.KORSUB.HDRip.x264.AAC2.0-SHITBOX/Fantastic.Beasts.The.Secrets.of.Dumbledore.2022.KORSUB.HDRip.x264.AAC2.0-SHITBOX.mp4
NAO;1389,87;Atomica.2017.HDRip.XviD.AC3-EVO.avi;Atomica.2017.480p.H265.avi;Atomica.2017.HDRip.XviD.AC3-EVO;/mnt/Media/filmes/2017/Atomica.2017.HDRip.XviD.AC3-EVO/Atomica.2017.HDRip.XviD.AC3-EVO.avi
NAO;1387,39;Un cuento chino.avi;Un.cuento.chino.480p.H265.avi;Un cuento chino;/mnt/Media/filmes/OLD/Un cuento chino/Un cuento chino.avi
NAO;1370,23;01 I Spit On Your Grave - Horror 1978 Eng Subs 720p [H264-mp4].mp4;01.I.Spit.On.Your.Grave.1978.720p.H265.mp4;I Spit On Your Grave 5 Film Collection;/mnt/Media/filmes/Franquias/I Spit On Your Grave - Complete 5 Movie Collection 1978-2019 Eng Subs 720p [H264-mp4]/I Spit On Your Grave 5 Film Collection/01 I Spit On Your Grave - Horror 1978 Eng Subs 720p [H264-mp4].mp4
NAO;1341,90;In Time (2011) DVDRip XviD-MAXSPEED www.torentz.3xforum.ro.avi;In.Time.2011.480p.H265.avi;In Time (2011) DVDRip XviD-MAXSPEED;/mnt/Media/filmes/OLD/In Time (2011) DVDRip XviD-MAXSPEED/In Time (2011) DVDRip XviD-MAXSPEED www.torentz.3xforum.ro.avi
NAO;1319,23;Thor 2011 TS READNFO XViD - IMAGiNE.avi;Thor.2011.480p.H265.avi;Thor 2011 TS READNFO XViD - IMAGiNE;/mnt/Media/filmes/Franquias/Marvel-DC/Thor 2011 TS READNFO XViD - IMAGiNE/Thor 2011 TS READNFO XViD - IMAGiNE.avi
NAO;1308,86;Gangster.Squad.2013.BRRip.XviD.MP3-RARBG.avi;Gangster.Squad.2013.480p.H265.avi;Gangster.Squad.2013.BRRip.XviD.MP3-RARBG;/mnt/Media/filmes/OLD/Gangster.Squad.2013.BRRip.XviD.MP3-RARBG/Gangster.Squad.2013.BRRip.XviD.MP3-RARBG.avi
NAO;1245,44;04 I Spit On Your Grave 3 Vengeance Is Mine - Horror 2015 Eng Subs 720p [H264-mp4.mp4;04.I.Spit.On.Your.Grave.3.Vengeance.Is.Mine.2015.720p.H265.mp4;I Spit On Your Grave 5 Film Collection;/mnt/Media/filmes/Franquias/I Spit On Your Grave - Complete 5 Movie Collection 1978-2019 Eng Subs 720p [H264-mp4]/I Spit On Your Grave 5 Film Collection/04 I Spit On Your Grave 3 Vengeance Is Mine - Horror 2015 Eng Subs 720p [H264-mp4.mp4
NAO;1216,19;the.prisoner.xxx.dvdrip.x264-triplex.mp4;the.prisoner.480p.H265.mp4;The.Prisoner.XXX.DVDRip.x264-TRiPLEX;/mnt/Media/filmes/OLD/The.Prisoner.XXX.DVDRip.x264-TRiPLEX/the.prisoner.xxx.dvdrip.x264-triplex.mp4
NAO;1205,49;24.Hours.to.Live.2017.WEB-DL.XviD.MP3-FGT.avi;24.Hours.to.Live.2017.480p.H265.avi;24.Hours.to.Live.2017.WEB-DL.XviD.MP3-FGT;/mnt/Media/filmes/2017/24.Hours.to.Live.2017.WEB-DL.XviD.MP3-FGT/24.Hours.to.Live.2017.WEB-DL.XviD.MP3-FGT.avi
NAO;1162,20;Robot.Overlords.2014.BRRip.XviD.MP3-RARBG.avi;Robot.Overlords.2014.480p.H265.avi;Robot.Overlords.2014.BRRip.XviD.MP3-RARBG;/mnt/Media/filmes/OLD/Robot.Overlords.2014.BRRip.XviD.MP3-RARBG/Robot.Overlords.2014.BRRip.XviD.MP3-RARBG.avi
NAO;1145,92;Micki.and.Maude.1984.WEBRip.x264-ION10.mp4;Micki.and.Maude.1984.480p.H265.mp4;Micki.and.Maude.1984.WEBRip.x264-ION10;/mnt/Media/filmes/OLD/Micki.and.Maude.1984.WEBRip.x264-ION10/Micki.and.Maude.1984.WEBRip.x264-ION10.mp4
NAO;856,04;moloch.tropical.2009.dvdrip.x264-bipolar.mkv;moloch.tropical.2009.480p.H265.mkv;Moloch.Tropical.2009.DVDRip.x264-BiPOLAR[rarbg];/mnt/Media/filmes/OLD/Moloch.Tropical.2009.DVDRip.x264-BiPOLAR[rarbg]/moloch.tropical.2009.dvdrip.x264-bipolar.mkv
NAO;800,64;Mauá - O Imperador e o Rei - Sérgio Rezende (1999).avi;Mauá.1999.480p.H265.avi;MAUÁ - O Imperador e o Rei;/mnt/Media/filmes/OLD/MAUÁ - O Imperador e o Rei/Mauá - O Imperador e o Rei - Sérgio Rezende (1999).avi
NAO;796,24;57.Seconds.2023.720p.WEBRip.800MB.x264-GalaxyRG.mkv;57.Seconds.2023.720p.H265.mkv;2023;/mnt/Media/filmes/2023/57.Seconds.2023.720p.WEBRip.800MB.x264-GalaxyRG.mkv
NAO;796,06;GalaxyRG - Ak.47.Kalashnikov.2021.720p.WEBRip.800MB.x264-GalaxyRG.mkv;GalaxyRG.2021.720p.H265.mkv;Ak.47.Kalashnikov.2021.720p.WEBRip.800MB.x264-GalaxyRG[TGx];/mnt/Media/filmes/2021/Ak.47.Kalashnikov.2021.720p.WEBRip.800MB.x264-GalaxyRG[TGx]/GalaxyRG - Ak.47.Kalashnikov.2021.720p.WEBRip.800MB.x264-GalaxyRG.mkv
NAO;706,16;Confia.Em.Mim.2014.DVDRip.XviD.Nacional-TV.avi;Confia.Em.Mim.2014.480p.H265.avi;Confia.Em.Mim.2014.DVDRip.XviD.Nacional-TV;/mnt/Media/filmes/OLD/Confia.Em.Mim.2014.DVDRip.XviD.Nacional-TV/Confia.Em.Mim.2014.DVDRip.XviD.Nacional-TV.avi
NAO;692,95;UsaBit.com_vmt-kirot-xvid.mkv;vmt-kirot.480p.H265.mkv;Kirot.2009.DVDRip.XviD-VoMiT.[UsaBit.com];/mnt/Media/filmes/OLD/Kirot.2009.DVDRip.XviD-VoMiT.[UsaBit.com]/UsaBit.com_vmt-kirot-xvid.mkv
NAO;647,53;BELLA_MARTHA.mp4;BELLA.MARTHA.480p.H265.mp4;BELLA_MARTHA;/mnt/Media/filmes/OLD/BELLA_MARTHA/BELLA_MARTHA.mp4
NAO;646,14;BELLA_MARTHA.mkv;BELLA.MARTHA.H265.mkv;BELLA_MARTHA;/mnt/Media/filmes/OLD/BELLA_MARTHA/BELLA_MARTHA.mkv
NAO;63,32;sparks-oblivion-1080.sample.mkv;sparks-oblivion.1080p.H265.mkv;Sample;/mnt/Media/filmes/OLD/Oblivion.2013.1080p.BluRay.x264-SPARKS/Sample/sparks-oblivion-1080.sample.mkv
NAO;48,64;Hair.Love.2019.1080p.WEBRip.x264.AAC.HORiZON-ArtSubs.mkv;Hair.Love.2019.1080p.H265.mkv;Hair.Love.2019.1080p.WEBRip.x264.AAC.HORiZON-ArtSubs;/mnt/Media/filmes/2019/Hair.Love.2019.1080p.WEBRip.x264.AAC.HORiZON-ArtSubs/Hair.Love.2019.1080p.WEBRip.x264.AAC.HORiZON-ArtSubs.mkv
NAO;36,12;Sample 2.mp4;Sample.2.1080p.H265.mp4;Elemental 2023 V3 Dual Audio 1080p HDTS X264 Will1869;/mnt/Media/filmes/2023/Elemental 2023 V3 Dual Audio 1080p HDTS X264 Will1869/Sample 2.mp4
NAO;22,56;Sample 1.mp4;Sample.1.1080p.H265.mp4;Elemental 2023 V3 Dual Audio 1080p HDTS X264 Will1869;/mnt/Media/filmes/2023/Elemental 2023 V3 Dual Audio 1080p HDTS X264 Will1869/Sample 1.mp4
NAO;19,33;The Last Airbender - Sample.mp4;The.Last.Airbender.720p.H265.mp4;Sample;/mnt/Media/filmes/OLD/The Last Airbender 2010 720p BRRip x264-HDLiTE/Sample/The Last Airbender - Sample.mp4
NAO;15,98;Due Date - Sample.mp4;Due.Date.720p.H265.mp4;Sample;/mnt/Media/filmes/OLD/Due Date 2010 720p BRRip x264-HDLiTE/Sample/Due Date - Sample.mp4
NAO;15,67;sample.avi;sample.480p.H265.avi;Live.by.Night.2016.DVDScr.XVID.AC3.HQ.Hive-CM8[oscars];/mnt/Media/filmes/2016/Live.by.Night.2016.DVDScr.XVID.AC3.HQ.Hive-CM8[oscars]/sample.avi
NAO;12,89;sample.avi;sample.480p.H265.avi;The.Shape.of.Water.2017.DVDScr.XVID.AC3.HQ.Hive-CM8[oscars];/mnt/Media/filmes/2017/The.Shape.of.Water.2017.DVDScr.XVID.AC3.HQ.Hive-CM8[oscars]/sample.avi
NAO;12,73;sample.avi;sample.480p.H265.avi;Arrival.2016.DVDScr.XVID.AC3.HQ.Hive-CM8[oscars];/mnt/Media/filmes/2016/Arrival.2016.DVDScr.XVID.AC3.HQ.Hive-CM8[oscars]/sample.avi
NAO;11,73;sample.avi;sample.480p.H265.avi;Dr.Strange.2016.DVDScr.XVID.AC3.HQ.Hive-CM8[oscars];/mnt/Media/filmes/Franquias/Marvel-DC/Dr.Strange.2016.DVDScr.XVID.AC3.HQ.Hive-CM8[oscars]/sample.avi
NAO;10,04;SAMPLE Limitless 2011 480p BRRip XviD (avi) [TFRG].avi;SAMPLE.Limitless.2011.480p.H265.avi;Limitless 2011 720p BRRip XviD (avi) [TFRG];/mnt/Media/filmes/OLD/Limitless 2011 720p BRRip XviD (avi) [TFRG]/SAMPLE Limitless 2011 480p BRRip XviD (avi) [TFRG].avi
NAO;9,87;Thor 2011 TS READNFO XViD - SAMPLE.avi;Thor.2011.480p.H265.avi;Thor 2011 TS READNFO XViD - IMAGiNE;/mnt/Media/filmes/Franquias/Marvel-DC/Thor 2011 TS READNFO XViD - IMAGiNE/Thor 2011 TS READNFO XViD - SAMPLE.avi
NAO;8,84;sample.avi;sample.480p.H265.avi;In Time (2011) DVDRip XviD-MAXSPEED;/mnt/Media/filmes/OLD/In Time (2011) DVDRip XviD-MAXSPEED/sample.avi
NAO;6,96;DR.Strange.PortugueseSub.mkv;DR.Strange.480p.H265.mkv;Dr.Strange.2016.DVDScr.XVID.AC3.HQ.Hive-CM8[oscars];/mnt/Media/filmes/Franquias/Marvel-DC/Dr.Strange.2016.DVDScr.XVID.AC3.HQ.Hive-CM8[oscars]/DR.Strange.PortugueseSub.mkv
NAO;0,97;RARBG.COM.mp4;RARBG.COM.480p.H265.mp4;The.Martian.2015.EXTENDED.CUT.1080p.BluRay.H264.AAC-RARBG;/mnt/Media/filmes/The.Martian.2015.EXTENDED.CUT.1080p.BluRay.H264.AAC-RARBG/RARBG.COM.mp4
NAO;0,97;RARBG.COM.mp4;RARBG.COM.480p.H265.mp4;X-Men.Days.of.Future.Past.2014.THE.ROGUE.CUT.1080p.BluRay.H264.AAC-RARBG;/mnt/Media/filmes/Franquias/Marvel-DC/X-Men/X-Men.Days.of.Future.Past.2014.THE.ROGUE.CUT.1080p.BluRay.H264.AAC-RARBG/RARBG.COM.mp4
NAO;0,97;RARBG.mp4;RARBG.480p.H265.mp4;Rogue.One.2016.1080p.BluRay.H264.AAC-RARBG;/mnt/Media/filmes/Franquias/StarWars/Rogue.One.2016.1080p.BluRay.H264.AAC-RARBG/RARBG.mp4
NAO;0,97;RARBG.COM.mp4;RARBG.COM.480p.H265.mp4;The.Revenant.2015.1080p.BluRay.H264.AAC-RARBG;/mnt/Media/filmes/The.Revenant.2015.1080p.BluRay.H264.AAC-RARBG/RARBG.COM.mp4
NAO;0,00;._Justice.League.2017.1080p.KORSUB.HDRip.x264.AAC2.0-STUTTERSHIT.mp4;Justice.League.2017.1080p.H265.mp4;Justice.League.2017.1080p.KORSUB.HDRip.x264.AAC2.0-STUTTERSHIT;/mnt/Media/filmes/Franquias/Marvel-DC/Justice.League.2017.1080p.KORSUB.HDRip.x264.AAC2.0-STUTTERSHIT/._Justice.League.2017.1080p.KORSUB.HDRip.x264.AAC2.0-STUTTERSHIT.mp4
NAO;0,00;._Rogue.One.2016.1080p.BluRay.H264.AAC-RARBG.mp4;Rogue.One.2016.1080p.H265.mp4;Rogue.One.2016.1080p.BluRay.H264.AAC-RARBG;/mnt/Media/filmes/Franquias/StarWars/Rogue.One.2016.1080p.BluRay.H264.AAC-RARBG/._Rogue.One.2016.1080p.BluRay.H264.AAC-RARBG.mp4
NAO;0,00;._The.Equalizer.2014.1080p.BluRay.H264.AAC-RARBG.mp4;The.Equalizer.2014.1080p.H265.mp4;The.Equalizer.2014.1080p.BluRay.H264.AAC-RARBG;/mnt/Media/filmes/OLD/The.Equalizer.2014.1080p.BluRay.H264.AAC-RARBG/._The.Equalizer.2014.1080p.BluRay.H264.AAC-RARBG.mp4
NAO;0,00;._Conan.The.Barbarian.1982.1080p.BluRay.H264.AAC-RARBG.mp4;Conan.The.Barbarian.1982.1080p.H265.mp4;Conan.The.Barbarian.1982.1080p.BluRay.H264.AAC-RARBG;/mnt/Media/filmes/OLD/Conan.The.Barbarian.1982.1080p.BluRay.H264.AAC-RARBG/._Conan.The.Barbarian.1982.1080p.BluRay.H264.AAC-RARBG.mp4
NAO;0,00;._Tomorrowland.2015.1080p.BluRay.H264.AAC-RARBG.mp4;Tomorrowland.2015.1080p.H265.mp4;Tomorrowland.2015.1080p.BluRay.H264.AAC-RARBG;/mnt/Media/filmes/Tomorrowland.2015.1080p.BluRay.H264.AAC-RARBG/._Tomorrowland.2015.1080p.BluRay.H264.AAC-RARBG.mp4
